Name,Rank,Category,Followers,Audience Country,Authentic Engagement,Engagement Avg.,Engagement Rate,Fake Score,Trust Score,Anomaly
cristiano,1,Sports with a ball,462900000.0,India,5500000.0,6600000.0,1.1881615899762368,0,100,-1
leomessi,2,Sports with a ballFamily,347200000.0,Argentina,3600000.0,4800000.0,1.0368663594470047,0,100,-1
kendalljenner,3,ModelingFashion,247600000.0,United States,3000000.0,4900000.0,1.2116316639741518,0,100,-1
arianagrande,4,Music,321400000.0,United States,2400000.0,3400000.0,0.7467330429371499,50,50,-1
zendaya,5,Cinema & Actors/actressesFashion,147000000.0,United States,4300000.0,5800000.0,2.925170068027211,0,100,-1
kimkardashian,6,FashionBeauty,323600000.0,United States,1700000.0,2500000.0,0.5253399258343634,50,50,-1
taylorswift,7,Music,218200000.0,Brazil,2400000.0,3200000.0,1.0999083409715857,0,100,-1
kyliejenner,8,FashionModelingBeauty,357000000.0,United States,1200000.0,1900000.0,0.33613445378151263,50,50,-1
selenagomez,9,MusicLifestyle,334900000.0,United States,1400000.0,1900000.0,0.41803523439832785,50,50,-1
thv,10,Unknown,46300000.0,United States,13300000.0,13300000.0,28.725701943844495,0,100,-1
lalalalisa_m,11,Music,79900000.0,Indonesia,6300000.0,7300000.0,7.88485607008761,0,100,-1
jennierubyjane,12,Music,68200000.0,Indonesia,7000000.0,8300000.000000001,10.263929618768328,0,100,-1
virat.kohli,13,Sports with a ball,206900000.0,India,2100000.0,2400000.0,1.0149830836152731,0,100,-1
tomholland2013,14,Cinema & Actors/actresses,67600000.0,United States,5700000.0,7000000.0,8.431952662721894,0,100,-1
j.m,15,Unknown,38100000.0,Unknown,11800000.0,11800000.0,30.971128608923888,0,100,-1
agustd,16,Lifestyle,36500000.0,Unknown,10400000.0,10400000.0,28.493150684931507,0,100,-1
jin,17,Unknown,37400000.0,United States,9900000.0,9900000.0,26.47058823529412,0,100,-1
beyonce,18,MusicFashion,267399999.99999997,United States,949900.0,1300000.0,0.3552356020942409,80,20,-1
khloekardashian,19,Clothing & OutfitsLifestyle,260399999.99999997,United States,1100000.0,1400000.0,0.42242703533026116,50,50,-1
sooyaaa__,20,MusicBeauty,62100000.0,Indonesia,4900000.0,5600000.0,7.890499194847021,0,100,-1
billieeilish,21,Music,104300000.0,United States,2400000.0,3100000.0,2.3010546500479387,0,100,-1
neymarjr,22,Sports with a ball,176200000.0,Brazil,1300000.0,1800000.0,0.7377979568671964,50,50,1
khaby00,23,Sports with a ball,78600000.0,India,2800000.0,3900000.0,3.5623409669211195,0,100,-1
justinbieber,24,Music,245900000.0,India,798500.0,1200000.0,0.3247254981699878,80,20,-1
roses_are_rosie,25,Music,61000000.0,Indonesia,4000000.0,4600000.0,6.557377049180328,0,100,-1
uarmyhope,26,Art/ArtistsCinema & Actors/actressesMusic,37400000.0,South Korea,6900000.0,6900000.0,18.449197860962567,0,100,-1
badbunnypr,27,Music,41400000.0,United States,3900000.0,6000000.0,9.420289855072465,0,100,-1
nickiminaj,28,Music,197800000.0,United States,744200.0,1200000.0,0.3762386248736097,80,20,1
instagram,29,Photography,528400000.0,India,339600.0,434300.0,0.06426949280847842,80,20,-1
jungkook.97,30,Music,43000000.0,Unknown,5200000.0,5200000.0,12.093023255813954,0,100,-1
bts.bighitofficial,31,Music,66000000.0,Indonesia,3000000.0,3300000.0,4.545454545454546,0,100,-1
iamcardib,32,MusicFashion,137300000.0,United States,1100000.0,1500000.0,0.8011653313911145,50,50,1
kourtneykardash,33,Lifestyle,189000000.0,United States,739800.0,1100000.0,0.3914285714285714,80,20,1
karolg,34,Music,54500000.0,Mexico,3000000.0,3700000.0,5.5045871559633035,0,100,-1
zayn,35,Music,46200000.0,India,2700000.0,4300000.0,5.844155844155844,0,100,-1
rkive,36,Lifestyle,36000000.0,Unknown,5400000.0,5400000.0,15.0,0,100,-1
milliebobbybrown,37,Cinema & Actors/actresses,53200000.0,Brazil,2800000.0,3500000.0,5.263157894736842,0,100,-1
gigihadid,38,ModelingLifestyle,74900000.0,United States,1600000.0,2400000.0,2.1361815754339117,0,100,1
jlo,39,MusicCinema & Actors/actresses,217500000.0,United States,585700.0,743200.0,0.2692873563218391,80,20,1
kingjames,40,Sports with a ball,127400000.0,United States,741700.0,1300000.0,0.582182103610675,80,20,1
therock,41,Cinema & Actors/actressesFitness & Gym,327300000.0,India,373200.0,479800.0,0.11402383134738771,80,20,-1
adele,42,Music,50600000.0,United States,2200000.0,3100000.0,4.3478260869565215,0,100,1
georginagio,43,LifestyleFashionClothing & Outfits,39000000.0,India,2700000.0,3800000.0,6.923076923076923,0,100,-1
champagnepapi,44,Music,116600000.0,United States,753600.0,1200000.0,0.6463121783876501,80,20,1
katrinakaif,45,Beauty,65599999.99999999,India,1900000.0,2200000.0,2.8963414634146347,0,100,1
harrystyles,46,MusicFashion,46300000.0,United States,2100000.0,2900000.0,4.535637149028078,0,100,1
mileycyrus,47,Music,178200000.0,United States,557800.0,757200.0,0.3130190796857463,80,20,1
eunwo.o_c,48,MusicLifestyle,29200000.0,Indonesia,3600000.0,4500000.0,12.32876712328767,0,100,-1
travisscott,49,Music,45800000.0,United States,1700000.0,2500000.0,3.711790393013101,0,100,1
ester_exposito,50,Cinema & Actors/actresses,29400000.0,Russia,2600000.0,3800000.0,8.843537414965986,0,100,-1
robertdowneyjr,51,Cinema & Actors/actresses,53200000.0,India,1600000.0,2000000.0,3.007518796992481,0,100,1
dlwlrma,52,Art/Artists,27000000.0,South Korea,3000000.0,3500000.0,11.11111111111111,0,100,-1
actorleeminho,53,Cinema & Actors/actresses,30100000.0,Indonesia,2400000.0,3100000.0,7.973421926910299,0,100,1
narendramodi,54,Finance & EconomicsBusiness & Careers,68200000.0,India,1200000.0,1300000.0,1.7595307917888565,0,100,1
shawnmendes,55,Music,69400000.0,Brazil,838000.0,1200000.0,1.207492795389049,0,100,1
k.mbappe,56,Sports with a ball,72400000.0,France,806500.0,1100000.0,1.113950276243094,0,100,1
johnnydepp,57,Cinema & Actors/actressesMusic,26600000.0,India,2400000.0,3100000.0,9.022556390977442,0,100,1
aliaabhatt,58,Cinema & Actors/actresses,67200000.0,India,979600.0,1200000.0,1.4577380952380952,0,100,1
oliviarodrigo,59,MusicCinema & Actors/actresses,27100000.0,India,2300000.0,2900000.0,8.487084870848708,0,100,1
anushkasharma,60,Cinema & Actors/actresses,59300000.0,India,1200000.0,1300000.0,2.0236087689713322,0,100,1
dualipa,61,Music,85100000.0,Mexico,729100.0,879100.0,0.8567567567567568,50,50,1
dovecameron,62,Cinema & Actors/actresses,48100000.0,United States,1200000.0,1500000.0,2.494802494802495,0,100,1
camila_cabello,63,Music,64400000.00000001,Brazil,845400.0,1100000.0,1.3127329192546582,0,100,1
noahschnapp,64,Cinema & Actors/actresses,24700000.0,Brazil,2300000.0,2900000.0,9.31174089068826,0,100,1
danbilzerian,65,Cinema & Actors/actresses,32900000.0,India,1300000.0,2200000.0,3.951367781155015,0,100,1
charlidamelio,66,LifestyleShows,48900000.0,United States,1200000.0,1400000.0,2.4539877300613497,0,100,1
dojacat,67,Music,24200000.0,United States,2000000.0,2700000.0,8.264462809917356,0,100,1
chrishemsworth,68,Cinema & Actors/actresses,55100000.0,India,869200.0,1100000.0,1.5774954627949183,0,100,1
kimberly.loaiza,69,Clothing & OutfitsLifestyle,35200000.0,Mexico,1400000.0,1700000.0,3.977272727272727,0,100,1
lelepons,70,Music,49000000.0,Mexico,763500.0,1200000.0,1.5581632653061224,0,100,1
iamzlatanibrahimovic,71,Sports with a ball,54600000.0,Italy,682100.0,1100000.0,1.2492673992673993,0,100,1
mosalah,72,Sports with a ball,51900000.0,Egypt,753400.0,1100000.0,1.4516377649325627,0,100,1
bn_sj2013,73,Cinema & Actors/actressesModelingLifestyle,22200000.0,Indonesia,2100000.0,2500000.0,9.45945945945946,0,100,1
jongsuk0206,74,Cinema & Actors/actresses,23000000.0,Indonesia,1800000.0,2400000.0,7.82608695652174,0,100,1
handemiyy,75,Cinema & Actors/actresses,28500000.0,Turkey,1400000.0,1900000.0,4.912280701754386,0,100,1
niallhoran,76,Music,30200000.0,United States,1200000.0,1800000.0,3.9735099337748347,0,100,1
paulodybala,77,Sports with a ball,47700000.0,Argentina,684300.0,1100000.0,1.4345911949685535,0,100,1
gal_gadot,78,Cinema & Actors/actresses,83800000.0,United States,468300.0,605900.0,0.5588305489260142,50,50,1
oohsehun,79,Music,23300000.0,Indonesia,1700000.0,2100000.0,7.296137339055794,0,100,1
realmadrid,80,Sports with a ball,121800000.0,Spain,289500.0,396500.0,0.23768472906403942,80,20,1
sadiesink_,81,ModelingLifestyleBeauty,21600000.0,Brazil,1500000.0,2200000.0,6.944444444444445,0,100,1
lilireinhart,82,Cinema & Actors/actresses,29000000.0,Brazil,1100000.0,1600000.0,3.793103448275862,0,100,1
chrisbrownofficial,83,Music,115100000.0,United States,267000.0,414500.0,0.2319721980886186,80,20,1
fcbarcelona,84,Sports with a ball,110000000.0,Indonesia,281600.0,424100.0,0.256,80,20,1
iamsrk,85,Cinema & Actors/actresses,30000000.0,India,1200000.0,1600000.0,4.0,0,100,1
ddlovato,86,Music,136300000.0,United States,264500.0,338100.0,0.19405722670579603,80,20,1
rashmika_mandanna,87,BeautyArt/ArtistsCinema & Actors/actresses,32299999.999999996,India,1200000.0,1400000.0,3.7151702786377716,0,100,1
dishapatani,88,Cinema & Actors/actressesLifestyle,52100000.0,India,696000.0,855200.0,1.3358925143953935,0,100,1
songkang_b,89,LifestyleMusic,14400000.0,Mexico,2200000.0,3100000.0,15.277777777777779,0,100,1
bellahadid,90,Modeling,53200000.0,United States,499700.0,798400.0,0.9392857142857142,50,50,1
jacksonwang852g7,91,Music,28900000.0,China,1200000.0,1500000.0,4.1522491349480966,0,100,1
deepikapadukone,92,Cinema & Actors/actresses,67800000.0,India,468700.0,611000.0,0.6912979351032449,50,50,1
dannapaola,93,Music,34500000.0,Mexico,828300.0,1200000.0,2.4008695652173913,0,100,1
blackpinkofficial,94,Music,47700000.0,Indonesia,700100.0,853000.0,1.4677148846960169,0,100,1
haileybieber,95,LifestyleModeling,45900000.0,United States,655900.0,880400.0,1.4289760348583878,0,100,1
karimbenzema,96,Sports with a ball,55900000.0,France,502400.0,724000.0,0.898747763864043,50,50,1
zacefron,97,Cinema & Actors/actresses,53900000.0,United States,514900.0,747100.0,0.9552875695732839,50,50,1
antonelaroccuzzo,98,ModelingFamily,20000000.0,Argentina,1200000.0,2000000.0,6.0,0,100,1
realstraykids,99,Music,21900000.0,Indonesia,1500000.0,1800000.0,6.8493150684931505,0,100,1
nasa,100,SciencePhotography,78600000.0,India,412200.0,496700.0,0.5244274809160305,50,50,1
nasa,101,SciencePhotography,78600000.0,India,412200.0,496700.0,0.5244274809160305,50,50,1
yawnzzn,102,Unknown,9600000.0,India,3200000.0,4099999.9999999995,33.33333333333333,0,100,-1
chrisevans,103,Unknown,17000000.0,United States,1900000.0,2300000.0,11.176470588235295,0,100,1
twicetagram,104,MusicModeling,26100000.0,Indonesia,1200000.0,1500000.0,4.597701149425287,0,100,1
priyankachopra,105,Cinema & Actors/actresses,80200000.0,India,390300.0,471900.0,0.4866583541147132,50,50,1
ursulolita,106,Cinema & Actors/actressesModeling,24100000.0,Brazil,1100000.0,1600000.0,4.564315352697095,0,100,1
jenniferaniston,107,Cinema & Actors/actresses,40700000.0,Brazil,628000.0,911900.0,1.542997542997543,0,100,1
hi_high_hiy,108,Cinema & Actors/actresses,14300000.0,South Korea,2200000.0,2600000.0,15.384615384615385,0,100,1
addisonraee,109,Beauty,40400000.0,United States,579200.0,892300.0,1.4336633663366338,0,100,1
nike,110,Fitness & GymShopping & RetailClothing & Outfits,227600000.0,United States,123500.0,158400.0,0.05426186291739894,80,20,-1
finnwolfhardofficial,111,MusicCinema & Actors/actresses,24600000.0,Brazil,1100000.0,1400000.0,4.471544715447155,0,100,1
samantharuthprabhuoffl,112,BeautyModelingCinema & Actors/actresses,24200000.0,India,1200000.0,1400000.0,4.958677685950414,0,100,1
madelame,113,Cinema & Actors/actresses,25400000.0,Russia,965600.0,1400000.0,3.8015748031496064,0,100,1
miakhalifa,114,Fitness & GymLifestyle,27800000.0,India,769700.0,1200000.0,2.768705035971223,0,100,1
jannatzubair29,115,Cinema & Actors/actresses,43300000.0,India,635300.0,772100.0,1.4672055427251731,0,100,1
katyperry,116,Music,167200000.0,Brazil,156300.0,200400.0,0.09348086124401914,80,20,1
meganfox,117,Cinema & Actors/actresses,20400000.0,United States,973900.0,1600000.0,4.774019607843137,0,100,1
vindiesel,118,Cinema & Actors/actresses,81700000.0,Brazil,309800.0,403900.0,0.3791921664626683,50,50,1
kapilsharma,119,Cinema & Actors/actressesShows,42000000.0,India,683800.0,780700.0,1.6280952380952383,0,100,1
camimendes,120,Cinema & Actors/actresses,27100000.0,Brazil,861500.0,1200000.0,3.178966789667897,0,100,1
akshaykumar,121,Cinema & Actors/actresses,62600000.0,India,428100.0,511500.0,0.6838658146964857,50,50,1
tyga,122,Music,35400000.0,United States,604100.0,904100.0,1.706497175141243,0,100,1
_jeongjaehyun,123,Unknown,12100000.0,Indonesia,2100000.0,2700000.0,17.355371900826448,0,100,1
ladygaga,124,MusicCinema & Actors/actresses,53100000.0,United States,426500.0,598800.0,0.803201506591337,50,50,1
kritisanon,125,Modeling,49700000.0,India,538600.0,626900.0,1.083702213279678,0,100,1
hoooooyeony,126,Lifestyle,23400000.0,South Korea,1000000.0,1300000.0,4.273504273504273,0,100,1
mrbeast,127,ShowsHumor & Fun & Happiness,19000000.0,United States,1200000.0,1600000.0,6.315789473684211,0,100,1
rosalia.vt,128,Music,20900000.0,Spain,1100000.0,1500000.0,5.263157894736842,0,100,1
shakira,129,Music,75600000.0,India,294000.0,400300.0,0.3888888888888889,50,50,1
pewdiepie,130,Computers & Gadgets,21900000.0,United States,1100000.0,1400000.0,5.0228310502283104,0,100,1
hrithikroshan,131,Cinema & Actors/actresses,43500000.0,India,540900.0,684000.0,1.2434482758620689,0,100,1
madelyncline,132,Cinema & Actors/actresses,12600000.0,United States,1600000.0,2400000.0,12.698412698412698,0,100,1
hazardeden_10,133,Sports with a ball,27000000.0,Spain,680800.0,1100000.0,2.5214814814814814,0,100,1
shraddhakapoor,134,Cinema & Actors/actresses,73400000.0,India,349000.0,403700.0,0.4754768392370572,50,50,1
vinijr,135,Sports with a ball,21300000.0,Brazil,806700.0,1400000.0,3.7873239436619714,0,100,1
emrata,136,Modeling,29500000.0,United States,606100.0,967700.0,2.054576271186441,0,100,1
lanarhoades,137,LifestyleModeling,16800000.0,United States,1000000.0,1700000.0,5.952380952380952,0,100,1
britneyspears,138,Music,41600000.0,United States,494600.0,685600.0,1.1889423076923078,0,100,1
maluma,139,Music,62700000.0,Italy,294200.0,452100.0,0.4692185007974482,50,50,1
beingsalmankhan,140,Cinema & Actors/actressesArt/Artists,53000000.0,India,417300.0,534900.0,0.7873584905660378,50,50,1
luisitocomunica,141,Humor & Fun & HappinessClothing & Outfits,32299999.999999996,Mexico,643500.0,852100.0,1.9922600619195048,0,100,1
natgeo,142,Nature & landscapesSciencePhotography,232200000.0,United States,91400.0,117800.0,0.03936261843238587,80,20,-1
madisonbeer,143,Music,31800000.0,United States,571300.0,852400.0,1.7965408805031446,0,100,1
jacquelinef143,144,Cinema & Actors/actresses,62200000.0,India,347800.0,424300.0,0.5591639871382637,50,50,1
garethbale11,145,Sports with a ball,47800000.0,Spain,342300.0,538600.0,0.7161087866108786,50,50,1
norafatehi,146,Cinema & Actors/actressesMusicShows,41200000.0,India,507000.0,625700.0,1.2305825242718447,0,100,1
sabrinacarpenter,147,Music,27400000.0,Brazil,756600.0,928800.0,2.7613138686131387,0,100,1
marcelotwelve,148,Sports with a ball,57200000.0,Spain,300900.0,446200.0,0.526048951048951,50,50,1
rohittt_09_,149,ShowsLifestyle,23600000.0,India,753100.0,1100000.0,3.191101694915254,0,100,1
jasonstatham,150,Cinema & Actors/actresses,30700000.0,Iran,549900.0,811900.0,1.7912052117263841,0,100,1
thedeverakonda,151,Cinema & Actors/actresses,16000000.0,India,1300000.0,1600000.0,8.125,0,100,1
theestallion,152,Music,29100000.0,United States,486600.0,850200.0,1.6721649484536083,0,100,1
theweeknd,153,Music,40300000.0,United States,446600.0,607000.0,1.1081885856079405,0,100,1
shahidkapoor,154,Cinema & Actors/actresses,35300000.0,India,608700.0,688500.0,1.7243626062322948,0,100,1
elrubiuswtf,155,Computers & Gadgets,17000000.0,Mexico,1300000.0,1400000.0,7.647058823529412,0,100,1
annehathaway,156,Cinema & Actors/actresses,24400000.0,United States,737600.0,972300.0,3.0229508196721313,0,100,1
sydney_sweeney,157,LifestyleCinema & Actors/actresses,13600000.0,United States,923900.0,1700000.0,6.793382352941177,0,100,1
erling.haaland,158,LifestyleSports with a ball,17100000.0,Brazil,909800.0,1400000.0,5.32046783625731,0,100,1
lewishamilton,159,Racing Sports,29000000.0,Brazil,553700.0,793700.0,1.909310344827586,0,100,1
hegdepooja,160,Cinema & Actors/actresses,20700000.0,India,961100.0,1100000.0,4.642995169082126,0,100,1
luissuarez9,161,Sports with a ball,44100000.0,Brazil,347400.0,520799.99999999994,0.7877551020408163,50,50,1
championsleague,162,Sports with a ball,95700000.0,Brazil,175800.0,237700.0,0.18369905956112853,50,50,1
433,163,Sports with a ball,50800000.0,Spain,266700.0,441300.0,0.525,50,50,1
eminem,164,Cinema & Actors/actressesMusic,36200000.0,Iran,481300.0,621400.0,1.3295580110497238,0,100,1
rohitsharma45,165,Sports with a ballLifestyle,24400000.0,India,810300.0,914300.0,3.320901639344262,0,100,1
zkdlin,166,Music,14100000.0,Indonesia,1300000.0,1600000.0,9.219858156028367,0,100,1
sidhu_moosewala,167,Unknown,10800000.0,India,1700000.0,2100000.0,15.74074074074074,0,100,1
jichangwook,168,Cinema & Actors/actresses,20600000.0,Indonesia,836500.0,1100000.0,4.060679611650485,0,100,1
jamesrodriguez10,169,Sports with a ball,49800000.0,Colombia,286100.0,436900.0,0.5744979919678715,50,50,1
na.jaemin0813,170,Unknown,9800000.0,Indonesia,1800000.0,2300000.0,18.367346938775512,0,100,-1
greeicy,171,ShowsCinema & Actors/actresses,21200000.0,Colombia,753500.0,1000000.0,3.5542452830188678,0,100,1
emmachamberlain,172,LifestyleShows,15900000.0,United States,873500.0,1300000.0,5.493710691823899,0,100,1
evaluna,173,FamilyMusic,20700000.0,Argentina,744100.0,1000000.0,3.5946859903381645,0,100,1
henrycavill,174,Cinema & Actors/actresses,21300000.0,Brazil,826500.0,1000000.0,3.880281690140845,0,100,1
carlinhosmaiaof,175,Lifestyle,25800000.0,Brazil,457400.0,837000.0,1.7728682170542636,0,100,1
domelipa,176,Lifestyle,18900000.0,Mexico,915500.0,1100000.0,4.843915343915344,0,100,1
saraalikhan95,177,Cinema & Actors/actresses,40700000.0,India,424300.0,518299.99999999994,1.0425061425061424,0,100,1
m10_official,178,Sports with a ball,24500000.0,Turkey,617100.0,866600.0,2.5187755102040814,0,100,1
cznburak,179,Food & Cooking,37000000.0,Turkey,418500.0,566200.0,1.131081081081081,0,100,1
imhyoseop,180,Lifestyle,8500000.0,Indonesia,2100000.0,2500000.0,24.705882352941178,0,100,-1
vancityreynolds,181,Cinema & Actors/actresses,44500000.0,United States,362300.0,467900.0,0.8141573033707865,50,50,1
stephencurry30,182,Sports with a ballFamily,44700000.0,United States,344300.0,462100.0,0.7702460850111857,50,50,1
strangerthingstv,183,Cinema & Actors/actressesShows,20500000.0,Brazil,727500.0,974000.0,3.5487804878048776,0,100,1
justintimberlake,184,MusicArt/ArtistsCinema & Actors/actresses,65500000.0,United States,226500.0,299500.0,0.34580152671755726,50,50,1
feliciathegoat,185,Music,13000000.0,United States,911400.0,1500000.0,7.01076923076923,0,100,1
haileesteinfeld,186,Cinema & Actors/actresses,19100000.0,United States,796200.0,1000000.0,4.168586387434555,0,100,1
lukamodric10,187,Sports with a ball,24300000.0,Spain,537800.0,787400.0,2.2131687242798357,0,100,1
renebaebae,188,LifestyleModeling,10700000.0,Indonesia,1500000.0,1800000.0,14.018691588785046,0,100,1
do0_nct,189,Lifestyle,10300000.0,Indonesia,1400000.0,1800000.0,13.592233009708737,0,100,1
paulpogba,190,Sports with a ball,54700000.0,Brazil,190800.0,339500.0,0.3488117001828154,50,50,1
heybiblee,191,Modeling,14400000.0,Indonesia,926600.0,1300000.0,6.434722222222222,0,100,1
sergioramos,192,Sports with a ball,52300000.0,Spain,222100.0,343000.0,0.4246653919694073,50,50,1
nattinatasha,193,MusicCinema & Actors/actresses,35900000.0,Mexico,417900.0,502200.0,1.164066852367688,0,100,1
thinkaboutzu,194,Unknown,6600000.0,United States,0.0,2800000.0,0.0,50,50,1
awez_darbar,195,ShowsHumor & Fun & Happiness,21400000.0,India,694600.0,831400.0,3.245794392523364,0,100,1
bizarrap,196,Music,13500000.0,Argentina,1100000.0,1300000.0,8.148148148148149,0,100,1
nina,197,Cinema & Actors/actresses,25700000.0,Brazil,479900.0,687600.0,1.8673151750972763,0,100,1
leedongwook_official,198,Cinema & Actors/actresses,14600000.0,Indonesia,904600.0,1200000.0,6.195890410958905,0,100,1
_imyour_joy,199,Lifestyle,14000000.0,Indonesia,1000000.0,1200000.0,7.142857142857142,0,100,1
bambam1a,200,Music,16600000.000000002,Brazil,840200.0,1100000.0,5.0614457831325295,0,100,1
anuel,201,Music,28800000.0,Spain,399200.0,613700.0,1.386111111111111,0,100,1
momo,202,Modeling,6900000.0,Turkey,1700000.0,2600000.0,24.637681159420293,0,100,-1
momo,203,Unknown,6900000.0,Turkey,1700000.0,2600000.0,24.637681159420293,0,100,-1
zidane,204,Sports with a ball,33100000.0,Spain,379800.0,517900.0,1.1474320241691842,0,100,1
marshmello,205,Unknown,29400000.0,Unknown,0.0,579200.0,0.0,50,50,1
hardikpandya93,206,Sports with a ball,21700000.0,India,625400.0,784100.0,2.882027649769585,0,100,1
sza,207,Music,12300000.0,United States,819700.0,1400000.0,6.664227642276423,0,100,1
zachking,208,ShowsHumor & Fun & Happiness,24700000.0,Indonesia,447000.0,687700.0,1.8097165991902833,0,100,1
anitta,209,Music,62900000.0,Brazil,145800.0,269500.0,0.23179650238473767,50,50,1
liluzivert,210,Music,16100000.000000002,United States,568500.0,1000000.0,3.5310559006211175,0,100,1
kartikaaryan,211,Cinema & Actors/actresses,25500000.0,India,523299.99999999994,651000.0,2.0521568627450977,0,100,1
louist91,212,Music,18500000.0,Brazil,658400.0,901100.0,3.5589189189189194,0,100,1
nehakakkar,213,Music,70400000.0,India,199600.0,231800.0,0.28352272727272726,50,50,1
iamhalsey,214,Music,30100000.0,United States,410000.0,539000.0,1.3621262458471761,0,100,1
thenameisyash,215,Cinema & Actors/actresses,10900000.0,India,1300000.0,1500000.0,11.926605504587156,0,100,1
davidbeckham,216,FamilySports with a ball,74500000.0,India,169000.0,217100.0,0.22684563758389262,50,50,1
marshmello,217,Music,29400000.0,Unknown,0.0,547600.0,0.0,50,50,1
janhvikapoor,218,LifestyleCinema & Actors/actresses,17700000.0,India,762300.0,910200.0,4.306779661016949,0,100,1
lilbaby,219,Music,19800000.0,United States,442100.0,815800.0,2.232828282828283,0,100,1
onyourm__ark,220,Lifestyle,9000000.0,Indonesia,1400000.0,1800000.0,15.555555555555555,0,100,1
bbrightvc,221,Cinema & Actors/actresses,15500000.0,Indonesia,851200.0,1000000.0,5.491612903225807,0,100,1
serna_amini,222,Unknown,9100000.0,Iran,1300000.0,1800000.0,14.285714285714285,0,100,1
riaricis1795,223,Lifestyle,31300000.0,Indonesia,412300.0,504400.0,1.3172523961661342,0,100,1
hannahstocking,224,Modeling,22100000.0,United States,493500.0,699800.0,2.233031674208145,0,100,1
iansomerhalder,225,Cinema & Actors/actresses,23100000.0,United States,447000.0,668300.0,1.9350649350649352,0,100,1
somsomi0309,226,Music,15100000.0,Indonesia,808800.0,1000000.0,5.356291390728477,0,100,1
mirella,227,Music,27200000.0,Brazil,265400.0,560600.0,0.975735294117647,50,50,1
iamferv,228,LifestyleArt/Artists,10000000.0,Mexico,1100000.0,1500000.0,11.0,0,100,1
skuukzky,229,Clothing & OutfitsMusic,17900000.0,Indonesia,678700.0,837200.0,3.7916201117318438,0,100,1
anushkasen0408,230,Cinema & Actors/actresses,38000000.0,India,336700.0,393200.0,0.8860526315789473,50,50,1
kunaguero,231,Sports with a ball,23500000.0,Argentina,363400.0,628400.0,1.5463829787234042,0,100,1
psg,232,Sports with a ball,61200000.0,Brazil,143200.0,240500.0,0.2339869281045752,50,50,1
mr_faisu_07,233,ModelingCinema & Actors/actresses,27900000.0,India,418700.0,535500.0,1.5007168458781361,0,100,1
larasilva,234,ShowsAdult content,17400000.0,Brazil,551200.0,850100.0,3.1678160919540232,0,100,1
paulolondra,235,Music,13800000.0,Argentina,678800.0,1100000.0,4.918840579710145,0,100,1
winmetawin,236,Lifestyle,13800000.0,Philippines,938200.0,1100000.0,6.798550724637681,0,100,1
taeoxo_nct,237,Lifestyle,9400000.0,Indonesia,1200000.0,1600000.0,12.76595744680851,0,100,1
tinistoessel,238,Music,18300000.0,Argentina,592300.0,793700.0,3.2366120218579235,0,100,1
klrahul,239,Sports with a ball,12900000.0,India,872100.0,1100000.0,6.76046511627907,0,100,1
hero_ft,240,Cinema & Actors/actressesModeling,7600000.0,Brazil,1200000.0,1900000.0,15.789473684210526,0,100,1
johnnyjsuh,241,LifestyleMusic,8700000.0,Indonesia,1300000.0,1600000.0,14.942528735632186,0,100,1
carryminati,242,Computers & GadgetsMachinery & Technologies,15900000.0,India,752500.0,885800.0,4.732704402515724,0,100,1
jessicah_o,243,Music,12100000.0,United States,909200.0,1200000.0,7.514049586776859,0,100,1
samoylovaoxana,244,FamilyLifestyle,15200000.0,Russia,679400.0,923300.0,4.469736842105263,0,100,1
colesprouse,245,Modeling,36000000.0,United States,292100.0,382500.0,0.8113888888888889,50,50,1
tigerjackieshroff,246,Cinema & Actors/actresses,35400000.0,India,315200.0,385900.0,0.8903954802259887,50,50,1
m.by__sana,247,Unknown,6300000.0,United States,0.0,2200000.0,0.0,50,50,1
holyhaein,248,Unknown,10200000.0,Indonesia,1100000.0,1300000.0,10.784313725490197,0,100,1
manurios,249,Shows,11100000.0,Mexico,711700.0,1200000.0,6.411711711711712,0,100,1
mina_sr_my,250,Unknown,5600000.0,United States,0.0,2400000.0,0.0,50,50,1
juandediospantoja,251,MusicArt/ArtistsCinema & Actors/actresses,22300000.0,Mexico,517700.00000000006,591200.0,2.3215246636771303,0,100,1
rauwalejandro,252,Music,15000000.0,Spain,605400.0,876000.0,4.036,0,100,1
luvadepedreiro,253,FamilySports with a ball,15300000.0,Brazil,377500.0,855400.0,2.4673202614379086,0,100,1
ronaldinho,254,Sports with a ball,67400000.0,Brazil,108800.0,192300.0,0.16142433234421366,50,50,1
avneetkaur_13,255,Cinema & Actors/actresses,32299999.999999996,India,329900.0,402500.0,1.0213622291021673,0,100,1
xeesoxee,256,Lifestyle,9300000.0,Indonesia,1100000.0,1400000.0,11.827956989247312,0,100,1
daddyyankee,257,Music,45800000.0,Argentina,204400.0,284400.0,0.4462882096069869,50,50,1
iambeckyg,258,Music,32799999.999999996,Mexico,324200.0,389700.0,0.9884146341463417,50,50,1
xxxibgdrgn,259,PhotographyFashion,21200000.0,Indonesia,475600.0,602800.0,2.2433962264150944,0,100,1
ileana_official,260,Cinema & Actors/actresses,14900000.0,India,702100.0,852800.0,4.712080536912752,0,100,1
taeyeon_ss,261,Music,18700000.0,South Korea,559600.0,681100.0,2.992513368983957,0,100,1
sunnyleone,262,BeautyCinema & Actors/actresses,53100000.0,India,177100.0,238700.0,0.3335216572504708,50,50,1
soohyun_k216,263,Unknown,13700000.0,Indonesia,753300.0,918100.0,5.498540145985401,0,100,1
keniaos,264,Music,13600000.0,Mexico,712400.0,926900.0,5.238235294117647,0,100,1
maisa,265,Music,44000000.0,Brazil,210600.0,284700.0,0.47863636363636364,50,50,1
vickykaushal09,266,Cinema & Actors/actresses,14100000.0,India,752900.0,883900.0,5.339716312056737,0,100,1
riyaz.14,267,LifestyleArt/Artists,27300000.0,India,353400.0,460100.0,1.2945054945054946,0,100,1
sachintendulkar,268,Sports with a ballLifestyle,35100000.0,India,289900.0,346500.0,0.825925925925926,50,50,1
layzhang,269,Music,14200000.0,Indonesia,814800.0,865900.0,5.738028169014084,0,100,1
varundvn,270,Cinema & Actors/actresses,43200000.0,India,227700.0,279500.0,0.5270833333333333,50,50,1
trippieredd,271,Music,13100000.0,United States,472500.0,926000.0,3.606870229007634,0,100,1
clean_0828,272,Lifestyle,8000000.0,Indonesia,1200000.0,1500000.0,15.0,0,100,1
nayeonyny,273,Unknown,6600000.0,United States,0.0,1900000.0,0.0,50,50,1
angelrai07,274,Humor & Fun & Happiness,20500000.0,India,487200.0,587500.0,2.3765853658536584,0,100,1
chaeyo.0,275,Unknown,5800000.0,United States,0.0,2100000.0,0.0,50,50,1
liampayne,276,Music,24400000.0,United States,350900.0,489800.0,1.4381147540983608,0,100,1
lomon991111,277,Lifestyle,5700000.0,Unknown,0.0,2100000.0,0.0,50,50,1
psg,278,Sports with a ball,61200000.0,Brazil,113700.0,191800.0,0.1857843137254902,50,50,1
hi_sseulgi,279,Modeling,12500000.0,Indonesia,743900.0,932800.0,5.9512,0,100,1
charlieputh,280,Music,16500000.0,United States,491100.0,697700.0,2.9763636363636365,0,100,1
ashishchanchlani,281,Cinema & Actors/actresses,14600000.0,India,638400.0,780400.0,4.372602739726028,0,100,1
iammichelemorroneofficial,282,LifestyleCinema & Actors/actressesMusic,14900000.0,Brazil,534700.0,766600.0,3.588590604026846,0,100,1
_zyozyo,283,Unknown,5500000.0,United States,0.0,2100000.0,0.0,50,50,1
anguscloud,284,LifestyleMusic,8199999.999999999,United States,831000.0,1400000.0,10.134146341463415,0,100,1
shaymitchell,285,BeautyFamilyLifestyle,33800000.0,United States,234100.0,326700.0,0.692603550295858,50,50,1
kiaraaliaadvani,286,Cinema & Actors/actresses,24300000.0,India,400500.0,453700.0,1.6481481481481481,0,100,1
krisjenner,287,ShowsBeautyFamily,48900000.0,United States,148300.0,224200.0,0.3032719836400818,50,50,1
perrieedwards,288,Modeling,15500000.0,Brazil,452300.0,705700.0,2.918064516129032,0,100,1
yaocabrera,289,Computers & GadgetsBusiness & Careers,14700000.0,Argentina,342300.0,741500.0,2.3285714285714283,0,100,1
tenlee_1001,290,Music,9800000.0,Indonesia,877300.0,1100000.0,8.95204081632653,0,100,1
min9yu_k,291,Music,6900000.0,Indonesia,1300000.0,1600000.0,18.84057971014493,0,100,1
alexandradaddario,292,Cinema & Actors/actresses,22600000.0,India,388300.0,475100.0,1.7181415929203538,0,100,1
alidaei,293,Sports with a ball,9000000.0,Iran,739500.0,1200000.0,8.216666666666667,0,100,1
gatenm123,294,MusicCinema & Actors/actressesFashion,17000000.0,Brazil,474800.0,626700.0,2.7929411764705883,0,100,1
yaocabrera,295,Business & Careers,14300000.0,Argentina,343000.0,743500.0,2.3986013986013988,0,100,1
_rl9,296,Sports with a ball,26800000.0,Poland,312500.0,397100.0,1.166044776119403,0,100,1
bighit_ent,297,Music,13000000.0,Indonesia,660300.0,813900.0,5.079230769230769,0,100,1
kimjuncotton,298,Lifestyle,10300000.0,Indonesia,859100.0,1000000.0,8.340776699029126,0,100,1
whinderssonnunes,299,Humor & Fun & Happiness,58600000.0,Brazil,114500.0,179400.0,0.19539249146757678,50,50,1
jy_piece,300,Unknown,4800000.0,United States,0.0,2200000.0,0.0,50,50,1
imsebastianstan,301,ShowsCinema & Actors/actresses,9400000.0,United States,933100.0,1100000.0,9.926595744680851,0,100,1
therealcalebmclaughlin,302,Cinema & Actors/actressesLifestyle,14200000.0,United States,493300.0,724200.0,3.473943661971831,0,100,1
nct,303,Music,14400000.0,Indonesia,541400.0,709200.0,3.759722222222222,0,100,1
yuu_taa_1026,304,Unknown,8400000.0,Indonesia,950400.0,1200000.0,11.314285714285715,0,100,1
m_kayoung,305,Cinema & Actors/actresses,8300000.000000001,Indonesia,930300.0,1200000.0,11.208433734939756,0,100,1
yellow_3to3,306,LifestyleMusic,5900000.0,Indonesia,1400000.0,1700000.0,23.728813559322035,0,100,1
_mariahwasa,307,Unknown,8199999.999999999,Brazil,973800.0,1300000.0,11.875609756097562,0,100,1
rudeth,308,Humor & Fun & Happiness,6500000.0,United States,1000000.0,1600000.0,15.384615384615385,0,100,1
mont.pantoja,309,Unknown,12000000.0,Mexico,699700.0,832700.0,5.830833333333333,0,100,1
mariaalice,310,Unknown,7300000.0,Brazil,667500.0,1400000.0,9.143835616438356,0,100,1
enhypen,311,Music,10500000.0,Indonesia,678900.0,952400.0,6.465714285714286,0,100,1
realbarbarapalvin,312,ModelingFashion,17900000.0,Russia,412100.0,556000.0,2.3022346368715088,0,100,1
marktuan,313,MusicCinema & Actors/actressesModeling,12800000.0,Thailand,590800.0,776300.0,4.6156250000000005,0,100,1
maudyayunda,314,Music,16900000.0,Indonesia,394800.0,581300.0,2.336094674556213,0,100,1
bretmanrock,315,Art/ArtistsBeauty,18400000.0,United States,315500.0,531000.0,1.7146739130434783,0,100,1
elrodrigocontreras,316,Lifestyle,12900000.0,Mexico,684500.0,754700.0,5.3062015503875966,0,100,1
nct127,317,Music,14100000.0,Indonesia,555100.0,685800.0,3.9368794326241137,0,100,1
wwiinn_7,318,Unknown,7300000.0,Indonesia,1200000.0,1300000.0,16.43835616438356,0,100,1
lizasoberano,319,BeautyCinema & Actors/actressesModeling,17300000.0,Philippines,467400.0,557700.0,2.701734104046243,0,100,1
bellapoarch,320,LifestyleMusic,14100000.0,United States,502100.0,677800.0,3.560992907801418,0,100,1
bhuvan.bam22,321,Cinema & Actors/actresses,14800000.0,India,525400.0,650000.0,3.55,0,100,1
txt_bighit,322,Family,12500000.0,Indonesia,604800.0,763000.0,4.8384,0,100,1
dahhyunnee,323,Unknown,5300000.0,United States,0.0,1800000.0,0.0,50,50,1
jamescharles,324,Beauty,22900000.0,United States,282800.0,414000.0,1.234934497816594,0,100,1
taehyung.bighitentertainment,325,Management & MarketingMusic,10000000.0,Indonesia,909700.0,960700.0,9.097,0,100,1
postmalone,326,Music,22400000.0,United States,274800.0,420200.0,1.2267857142857144,0,100,1
ssinz7,327,MusicCinema & Actors/actresses,13700000.0,Indonesia,555700.0,683100.0,4.056204379562043,0,100,1
o.dembele7,328,Sports with a ball,10900000.0,Spain,503100.0,862300.0,4.615596330275229,0,100,1
ranveersingh,329,Cinema & Actors/actressesModelingClothing & Outfits,40100000.0,India,179200.0,233400.0,0.44688279301745637,50,50,1
jinyoung_0922jy,330,Music,9900000.0,Indonesia,725800.0,959700.0,7.331313131313132,0,100,1
luisasonza,331,MusicLifestyle,29500000.0,Brazil,198700.0,315700.0,0.6735593220338983,50,50,1
bellathorne,332,MusicArt/Artists,25400000.0,United States,217300.0,365000.0,0.855511811023622,50,50,1
ksi,333,Music,11600000.0,United Kingdom,565800.0,794000.0,4.877586206896551,0,100,1
kevindebruyne,334,Sports with a ball,18000000.0,United Kingdom,322400.0,499500.0,1.791111111111111,0,100,1
marvel,335,Cinema & Actors/actressesComics & sketchesShows,65400000.00000001,United States,115900.0,136600.0,0.17721712538226297,50,50,1
arigameplays,336,Unknown,11000000.0,Mexico,669100.0,803900.0,6.082727272727273,0,100,1
fedez,337,Music,14200000.0,Italy,449700.0,622100.0,3.166901408450704,0,100,1
prattprattpratt,338,Cinema & Actors/actresses,37400000.0,United States,180700.0,235100.0,0.4831550802139037,50,50,1
itzy.all.in.us,339,Music,17200000.0,Indonesia,414300.0,507300.0,2.4087209302325583,0,100,1
lestykejora,340,Music,25700000.0,Indonesia,263000.0,339000.0,1.0233463035019457,0,100,1
jbalvin,341,Music,52800000.0,Mexico,125000.0,163600.0,0.23674242424242425,50,50,1
kehlani,342,MusicFamily,14000000.0,United States,392300.0,611800.0,2.802142857142857,0,100,1
manchesterunited,343,Sports with a ball,59000000.0,United Kingdom,92300.0,145200.0,0.1564406779661017,50,50,1
peytonlist,344,Cinema & Actors/actresses,20200000.0,United States,281800.0,422700.0,1.3950495049504952,0,100,1
wi__wi__wi,345,LifestyleMusic,10100000.0,South Korea,691600.0,832200.0,6.847524752475248,0,100,1
dixiedamelio,346,MusicClothing & Outfits,25000000.0,United States,228900.0,335500.0,0.9156,50,50,1
vinniehacker,347,Lifestyle,5800000.0,United States,695700.0,1500000.0,11.994827586206897,0,100,1
madhuridixitnene,348,MusicCinema & Actors/actresses,32000000.0,India,225300.0,259600.00000000003,0.7040625,50,50,1
mathildtantot,349,LifestyleModeling,10200000.0,United States,533100.0,807000.0,5.226470588235294,0,100,1
keerthysureshofficial,350,FashionCinema & Actors/actresses,13400000.0,India,539300.0,616300.0,4.0246268656716415,0,100,1
ibaillanos,351,Art/Artists,7800000.0,Spain,725400.0,1000000.0,9.3,0,100,1
easymoneysniper,352,LifestyleSports with a ball,13100000.0,United States,325400.0,610900.0,2.483969465648855,0,100,1
michelleobama,353,Finance & EconomicsBusiness & CareersFamily,50300000.0,United States,144700.0,159800.0,0.2876739562624255,50,50,1
ross_lynch,354,MusicCinema & Actors/actresses,10200000.0,United States,392600.0,783800.0,3.849019607843137,0,100,1
attahalilintar,355,Art/ArtistsShows,23900000.0,Indonesia,243200.0,333300.0,1.0175732217573221,0,100,1
lizgillz,356,MusicCinema & Actors/actresses,14100000.0,Mexico,389500.0,563700.0,2.7624113475177308,0,100,1
cbum,357,Fitness & Gym,9000000.0,United States,542000.0,895000.0,6.022222222222222,0,100,1
hassan_reyvandi,358,Cinema & Actors/actressesHumor & Fun & Happiness,19500000.0,Iran,296500.0,410200.0,1.5205128205128204,0,100,1
nicki.nicole,359,Music,12200000.0,Argentina,439000.0,649500.0,3.598360655737705,0,100,1
demirose,360,ModelingLifestyleFashion,19900000.0,United States,305400.0,398200.0,1.5346733668341708,0,100,1
natashawilona12,361,Beauty,38900000.0,Indonesia,170100.0,200700.0,0.4372750642673522,50,50,1
lexibrookerivera,362,ShowsHumor & Fun & Happiness,8500000.0,United States,765000.0,956800.0,9.0,0,100,1
thebursin,363,Cinema & Actors/actresses,10700000.0,Russia,567800.0,741700.0,5.3065420560747665,0,100,1
imouniroy,364,Cinema & Actors/actresses,23900000.0,India,267800.0,324400.0,1.1205020920502093,0,100,1
yasmine_sabri,365,Cinema & Actors/actressesLifestyle,19400000.0,Egypt,286100.0,401700.0,1.4747422680412372,0,100,1
kevinhart4real,366,Cinema & Actors/actresses,148800000.0,United States,35500.0,52300.0,0.02385752688172043,80,20,1
sidmalhotra,367,Cinema & Actors/actressesModeling,19900000.0,India,311500.0,387100.0,1.565326633165829,0,100,1
sommerray,368,Modeling,26500000.0,United States,184700.0,289800.0,0.6969811320754717,50,50,1
brunamarquezine,369,Cinema & Actors/actresses,43100000.0,Brazil,105100.0,181800.0,0.24385150812064965,50,50,1
miguel.g.herran,370,Cinema & Actors/actresses,14100000.0,Brazil,362200.0,545500.0,2.5687943262411346,0,100,1
louispartridge_,371,Cinema & Actors/actresses,7600000.0,United States,691500.0,1000000.0,9.098684210526315,0,100,1
pubity,372,Humor & Fun & Happiness,31800000.0,United States,166000.0,241700.0,0.5220125786163522,50,50,1
taina,373,Music,16000000.0,Brazil,227900.0,475500.0,1.424375,0,100,1
alok,374,MusicArt/Artists,27700000.0,Brazil,215000.0,275500.0,0.776173285198556,50,50,1
camilo,375,Music,27500000.0,Argentina,173600.0,275400.0,0.6312727272727273,50,50,1
alwaysramcharan,376,Cinema & Actors/actresses,8100000.0,India,842700.0,944000.0,10.403703703703703,0,100,1
lilyjcollins,377,Cinema & Actors/actresses,27000000.0,United States,186700.0,277600.0,0.6914814814814815,50,50,1
lilnasx,378,Music,12500000.0,United States,358900.0,600800.0,2.8712,0,100,1
sportscenter,379,Sports with a ballShows,31300000.0,United States,132900.0,239600.0,0.4246006389776358,50,50,1
phil.coutinho,380,Sports with a ball,25000000.0,Brazil,182800.0,297700.0,0.7312,50,50,1
thenotoriousmma,381,Fitness & Gym,45800000.0,United States,110900.0,162900.0,0.2421397379912664,50,50,1
ms_puiyi,382,Adult content,18700000.0,United States,309100.0,395800.0,1.6529411764705884,0,100,1
mo.on_air,383,Unknown,4900000.0,Indonesia,1300000.0,1500000.0,26.53061224489796,0,100,-1
nickjonas,384,MusicArt/Artists,32900000.0,United States,155500.0,222300.0,0.472644376899696,50,50,1
hyunah_aa,385,Music,18100000.0,South Korea,339400.0,402900.0,1.8751381215469611,0,100,1
todayis_wendy,386,Unknown,6900000.0,Indonesia,892200.0,1100000.0,12.930434782608696,0,100,1
weareone.exo,387,Music,10000000.0,Indonesia,579800.0,727900.0,5.798,0,100,1
lildurk,388,MusicArt/Artists,13900000.0,United States,186200.0,524500.0,1.339568345323741,0,100,1
hunterschafer,389,Unknown,7300000.0,United States,606200.0,998200.0,8.304109589041095,0,100,1
sadiomaneofficiel,390,Sports with a ball,11600000.0,United Kingdom,435700.0,621800.0,3.756034482758621,0,100,1
9gag,391,Humor & Fun & Happiness,58200000.0,Indonesia,95700.0,123400.0,0.16443298969072165,50,50,1
for_everyoung10,392,Lifestyle,5100000.0,Indonesia,1100000.0,1400000.0,21.568627450980394,0,100,1
caradelevingne,393,ModelingCinema & Actors/actresses,43000000.0,United States,120000.0,166500.0,0.27906976744186046,50,50,1
euphoria,394,Unknown,7900000.0,United States,566200.0,913700.0,7.167088607594936,0,100,1
saweetie,395,Cinema & Actors/actresses,13200000.0,United States,233700.0,542600.0,1.7704545454545455,0,100,1
daquan,396,Humor & Fun & Happiness,16800000.0,United States,272400.0,420300.0,1.6214285714285717,0,100,1
i_m_hendery,397,Unknown,6200000.0,United States,891400.0,1200000.0,14.377419354838711,0,100,1
darshanravaldz,398,Music,15300000.0,India,384900.0,465200.0,2.515686274509804,0,100,1
jadepicon,399,ModelingFashion,20700000.0,Brazil,160100.0,354700.0,0.7734299516908213,50,50,1
barbieferreira,400,LifestyleMusicCinema & Actors/actresses,6300000.0,United States,620000.0,1100000.0,9.841269841269842,0,100,1
i_m_hendery,401,Unknown,6200000.0,United States,891400.0,1200000.0,14.377419354838711,0,100,1
darshanravaldz,402,Music,15300000.0,India,384900.0,465200.0,2.515686274509804,0,100,1
kyo1122,403,Cinema & Actors/actresses,13300000.0,Indonesia,411600.0,524400.0,3.0947368421052635,0,100,1
barbieferreira,404,LifestyleMusicCinema & Actors/actresses,6300000.0,United States,620000.0,1100000.0,9.841269841269842,0,100,1
rakulpreet,405,Cinema & Actors/actressesModeling,22100000.0,India,267500.0,314500.0,1.2104072398190047,0,100,1
leaelui,406,ModelingLifestyle,11600000.0,India,358100.0,602100.0,3.087068965517241,0,100,1
simoneses,407,Music,34800000.0,Brazil,157900.0,200000.0,0.45373563218390806,50,50,1
marvelstudios,408,Cinema & Actors/actressesComics & sketches,37400000.0,India,163600.0,183000.0,0.43743315508021385,50,50,1
angeldimariajm,409,Sports with a ball,17900000.0,Argentina,259600.00000000003,381900.0,1.4502793296089387,0,100,1
juliette,410,Cinema & Actors/actresses,33700000.0,Brazil,130600.0,207700.0,0.3875370919881306,50,50,1
mingue.k,411,Shows,5800000.0,Indonesia,990900.0,1200000.0,17.084482758620688,0,100,1
obj,412,Sports with a ball,16200000.0,United States,219000.0,416000.0,1.3518518518518519,0,100,1
goar_avetisyan,413,Beauty,11600000.0,Russia,421300.0,583100.0,3.6318965517241377,0,100,1
yerimiese,414,Lifestyle,10700000.0,Indonesia,506000.0,627300.0,4.728971962616822,0,100,1
demetozdemir,415,Cinema & Actors/actresses,15300000.0,India,344400.0,439500.0,2.2509803921568627,0,100,1
burakozcivit,416,Cinema & Actors/actresses,21600000.0,Turkey,255600.0,309600.0,1.1833333333333333,0,100,1
gururandhawa,417,Music,32799999.999999996,India,163900.0,201600.0,0.4996951219512196,50,50,1
dntlrdl,418,Lifestyle,6500000.0,Indonesia,791200.0,1000000.0,12.172307692307692,0,100,1
yangyang_x2,419,Unknown,6400000.0,Indonesia,833100.0,1100000.0,13.017187499999999,0,100,1
rachel_mypark,420,Cinema & Actors/actresses,10200000.0,Indonesia,519299.99999999994,647000.0,5.091176470588234,0,100,1
parishilton,421,Modeling,19600000.0,United States,202500.0,334200.0,1.0331632653061225,0,100,1
jhope_bighitentertainment,422,Lifestyle,7900000.0,Brazil,753300.0,825800.0,9.535443037974684,0,100,1
evcenf,423,LifestyleBeauty,13200000.0,Turkey,389600.0,491500.0,2.9515151515151516,0,100,1
iynemliarasbulut,424,Cinema & Actors/actressesLifestyle,10300000.0,Turkey,447900.0,626100.0,4.348543689320388,0,100,1
yejinhand,425,Cinema & Actors/actresses,6900000.0,Indonesia,719200.0,935800.0,10.423188405797102,0,100,1
jin_bighitentertainment,426,Lifestyle,8199999.999999999,Indonesia,685500.0,779500.0,8.359756097560975,0,100,1
thibautcourtois,427,Sports with a ball,10700000.0,Spain,406400.0,589800.0,3.7981308411214956,0,100,1
kun11xd,428,Lifestyle,6700000.0,Indonesia,758300.0,947100.0,11.317910447761195,0,100,1
sonamkapoor,429,FashionModeling,33100000.0,India,159500.0,189300.0,0.4818731117824773,50,50,1
_shotaroo_,430,LifestyleMusic,5400000.0,Indonesia,907200.0,1200000.0,16.8,0,100,1
raphaelvarane,431,Sports with a ball,19100000.0,Spain,217300.0,326900.0,1.137696335078534,0,100,1
pugachevmark,432,Cars & MotorbikesLuxury,14100000.0,Russia,300300.0,441000.0,2.129787234042553,0,100,1
shehnaazgill,433,Cinema & Actors/actressesMusic,11600000.0,India,463700.0,586700.0,3.9974137931034486,0,100,1
thenewclassic,434,Music,16399999.999999998,United States,234900.0,379800.0,1.432317073170732,0,100,1
vanessahudgens,435,Cinema & Actors/actresses,46400000.0,United States,82000.0,133600.0,0.17672413793103448,50,50,1
mariabecerra,436,Music,9800000.0,Argentina,271800.0,641300.0,2.7734693877551018,0,100,1
jennaortega,437,Cinema & Actors/actressesLifestyle,8199999.999999999,United States,538900.0,767800.0,6.571951219512195,0,100,1
aron.piper,438,MusicLifestyle,13900000.0,Brazil,235900.0,444800.0,1.6971223021582733,0,100,1
_seorina,439,LifestyleCinema & Actors/actresses,6000000.0,South Korea,840100.0,1000000.0,14.001666666666669,0,100,1
teddysphotos,440,Music,39500000.0,United States,113400.0,155200.0,0.2870886075949367,50,50,1
larissamanoela,441,Cinema & Actors/actresses,46100000.0,Brazil,80800.0,132800.0,0.1752711496746204,50,50,1
paulwesley,442,Cinema & Actors/actresses,12300000.0,Brazil,330900.0,494300.0,2.6902439024390246,0,100,1
djxiao_888,443,Unknown,6900000.0,Indonesia,720300.0,901000.0,10.439130434782609,0,100,1
parineetichopra,444,Cinema & Actors/actresses,37000000.0,India,141300.0,164400.0,0.3818918918918919,50,50,1
romeosantos,445,Music,19200000.0,United States,259700.0,319700.0,1.3526041666666666,0,100,1
duki,446,Music,10100000.0,Argentina,390500.0,600800.0,3.866336633663366,0,100,1
conangray,447,Music,6400000.0,Brazil,639600.0,955400.0,9.99375,0,100,1
jessnolimit,448,Shows,7300000.0,Indonesia,698200.0,836500.0,9.564383561643835,0,100,1
k.kbeom,449,Unknown,5300000.0,Indonesia,931700.0,1100000.0,17.579245283018867,0,100,1
chiaraferragni,450,Beauty,27500000.0,Italy,129400.0,216300.0,0.47054545454545454,50,50,1
nadin_serovski,451,FamilyLifestyle,9400000.0,Russia,471300.0,648700.0,5.013829787234043,0,100,1
adamweitsman,452,Business & Careers,17500000.0,Russia,247000.0,337400.0,1.4114285714285715,0,100,1
anupamaparameswaran96,453,Cinema & Actors/actresses,12200000.0,India,421500.0,482200.0,3.4549180327868854,0,100,1
superstar_dewasi99,454,MusicCinema & Actors/actresses,12600000.0,India,297100.0,468800.0,2.357936507936508,0,100,1
offsetyrn,455,Music,19900000.0,United States,165600.0,295900.0,0.8321608040201005,50,50,1
angeldimariajm,456,Sports with a ball,17700000.0,Argentina,224300.0,331300.0,1.267231638418079,0,100,1
juanpazurita,457,Cinema & Actors/actresses,29800000.0,Mexico,138300.0,196700.0,0.4640939597315436,50,50,1
antogriezmann,458,Sports with a ball,36400000.0,Spain,99500.0,160900.0,0.2733516483516483,50,50,1
jungkook_bighitentertainment,459,Management & MarketingMusic,9500000.0,Brazil,550700.0,624900.0,5.796842105263158,0,100,1
ana_d_armas,460,Cinema & Actors/actressesLifestyle,7100000.0,United States,616300.0,834000.0,8.680281690140845,0,100,1
dkharbour,461,Cinema & Actors/actresses,8500000.0,United States,531600.0,696700.0,6.254117647058824,0,100,1
ldh_sky,462,Unknown,5600000.0,Indonesia,823700.0,1100000.0,14.708928571428572,0,100,1
aboflah,463,Humor & Fun & Happiness,7400000.0,Iraq,690300.0,829000.0,9.328378378378378,0,100,1
polo.capalot,464,MusicLifestyle,10500000.0,United States,335500.0,551700.0,3.1952380952380954,0,100,1
zefelipecantor,465,Music,24600000.0,Brazil,134500.0,236500.0,0.5467479674796748,50,50,1
yuyacst,466,Modeling,17200000.0,Mexico,218100.0,334700.0,1.2680232558139535,0,100,1
fuji_an,467,LifestyleFamily,11800000.0,Indonesia,205400.0,488200.0,1.7406779661016951,0,100,1
anahi,468,MusicModeling,9800000.0,Brazil,344700.0,605000.0,3.5173469387755105,0,100,1
kingbach,469,MusicArt/ArtistsCinema & Actors/actresses,22700000.0,United States,126400.0,253100.0,0.5568281938325991,50,50,1
yoona__lim,470,Cinema & Actors/actresses,13500000.0,Indonesia,352900.0,422900.0,2.6140740740740744,0,100,1
gianlucavacchi,471,Lifestyle,22400000.0,Brazil,166300.0,256100.00000000003,0.7424107142857143,50,50,1
xavi,472,Sports with a ball,9000000.0,Spain,428700.0,643000.0,4.763333333333334,0,100,1
anjimaxuofficially,473,Lifestyle,11500000.0,India,391100.0,499700.0,3.4008695652173913,0,100,1
khabib_nurmagomedov,474,Fitness & Gym,33500000.0,Russia,119800.0,168600.0,0.35761194029850746,50,50,1
jimmyfallon,475,ShowsHumor & Fun & Happiness,22400000.0,United States,201100.0,251000.0,0.8977678571428572,50,50,1
gusttavolima,476,Music,43800000.0,Brazil,77100.0,129699.99999999999,0.17602739726027397,50,50,1
julesleblanc,477,MusicShows,9700000.0,United States,404200.0,584600.0,4.16701030927835,0,100,1
ananyapanday,478,Cinema & Actors/actresses,23000000.0,India,207200.0,243100.0,0.9008695652173913,50,50,1
nickyjam,479,Music,43400000.0,Colombia,109300.0,129600.0,0.2518433179723502,50,50,1
travisbarker,480,Lifestyle,7600000.0,United States,521799.99999999994,738800.0,6.8657894736842096,0,100,1
nikefootball,481,Sports with a ballClothing & Outfits,45200000.0,Brazil,79100.0,122200.0,0.17500000000000002,50,50,1
juansguarnizo,482,Unknown,5900000.0,Mexico,873700.0,957200.0,14.808474576271186,0,100,1
thehughjackman,483,Cinema & Actors/actresses,30500000.0,United States,159100.0,180900.0,0.5216393442622951,50,50,1
c.syresmith,484,Cinema & Actors/actressesLifestyle,19100000.0,United States,186600.0,288200.0,0.9769633507853404,50,50,1
itsmarziapie,485,BeautyLifestyle,8300000.000000001,United States,574900.0,671600.0,6.926506024096385,0,100,1
jailyneojeda,486,ModelingLifestyle,14200000.0,United States,280500.0,387700.0,1.9753521126760563,0,100,1
yooncy1,487,Unknown,4900000.0,South Korea,938500.0,1100000.0,19.153061224489797,0,100,1
gioewbank,488,Cinema & Actors/actressesModeling,28400000.0,Brazil,121200.0,192700.0,0.4267605633802817,50,50,1
indiancricketteam,489,Sports with a ball,24600000.0,India,189900.0,221400.0,0.7719512195121951,50,50,1
yugyeom,490,MusicArt/ArtistsCinema & Actors/actresses,11400000.0,Thailand,373000.0,482600.0,3.2719298245614037,0,100,1
deiveleonardo,491,Literature & JournalismTrainers & Coaches,11700000.0,Brazil,255600.0,470900.0,2.1846153846153844,0,100,1
urvashirautela,492,Cinema & Actors/actresses,53000000.0,India,85700.0,103000.0,0.16169811320754715,50,50,1
aliiiiiiiikarimi8,493,Sports with a ball,9400000.0,Iran,390500.0,588000.0,4.154255319148936,0,100,1
fabriziorom,494,Literature & JournalismShows,8600000.0,Italy,368500.0,638000.0,4.284883720930233,0,100,1
sanchooo10,495,Sports with a ball,8600000.0,United Kingdom,362900.0,634000.0,4.219767441860465,0,100,1
joeyking,496,MusicCinema & Actors/actressesModeling,19000000.0,Brazil,195500.0,280300.0,1.0289473684210526,0,100,1
nianaguerrero,497,MusicKids & Toys,14200000.0,Indonesia,297500.0,373300.0,2.095070422535211,0,100,1
hshq,498,MusicCinema & Actors/actressesFashion,6300000.0,United States,488200.0,859000.0,7.749206349206348,0,100,1
lacasadepapel,499,ShowsCinema & Actors/actresses,12800000.0,Brazil,274800.0,412700.0,2.146875,0,100,1
fcbayern,500,Sports with a ball,33299999.999999996,Germany,109200.0,159400.0,0.32792792792792796,50,50,1
choi_seung_hyun_tttop,501,Unknown,14300000.0,Indonesia,316600.0,374600.0,2.213986013986014,0,100,1
vousmevoyez,502,MusicCinema & Actors/actresses,10300000.0,Indonesia,393900.0,510700.0,3.8242718446601947,0,100,1
pefabiodemelo,503,Lifestyle,25700000.0,Brazil,137500.0,207400.0,0.5350194552529183,50,50,1
rahulkl,504,Unknown,12300000.0,India,366100.0,427100.0,2.9764227642276424,0,100,1
donya,505,Fashion,15200000.0,Iran,231400.0,366400.0,1.5223684210526316,0,100,1
sav.labrant,506,FamilyLifestyleShows,7100000.0,United States,556400.0,744300.0,7.836619718309859,0,100,1
abdevilliers17,507,Sports with a ballLifestyle,18400000.0,India,245300.0,283600.0,1.3331521739130434,0,100,1
arishfakhan138,508,Cinema & Actors/actresses,29300000.0,India,145700.0,177900.0,0.49726962457337887,50,50,1
liamhemsworth,509,Cinema & Actors/actresses,13100000.0,United States,275900.0,391800.0,2.1061068702290076,0,100,1
iscoalarcon,510,Sports with a ball,24900000.0,Spain,142100.0,205900.0,0.5706827309236948,50,50,1
jimin_bighitentertainment,511,Unknown,8800000.0,Indonesia,528200.0,585100.0,6.002272727272727,0,100,1
lucasranngel,512,Lifestyle,19800000.0,Brazil,116900.0,258700.0,0.5904040404040404,50,50,1
dear.zia,513,Lifestyle,3700000.0,South Korea,1200000.0,1400000.0,32.432432432432435,0,100,-1
hakkiakdenizz,514,Business & Careers,23500000.0,Russia,149100.0,215100.0,0.634468085106383,50,50,1
dra.deolanebezerra,515,Lifestyle,14400000.0,Brazil,164700.0,352900.0,1.14375,0,100,1
jokowi,516,Finance & Economics,47400000.0,Indonesia,87300.0,107200.0,0.18417721518987343,50,50,1
nusr_et,517,Food & Cooking,46900000.0,Turkey,73600.0,108600.0,0.15692963752665245,50,50,1
fortnite,518,Computers & Gadgets,25900000.0,United States,165200.0,195400.0,0.6378378378378379,50,50,1
loud_victor,519,LifestyleSports with a ball,10700000.0,Brazil,372200.0,474100.0,3.478504672897196,0,100,1
cvillaloboss,520,ShowsCinema & Actors/actresses,20100000.0,Colombia,204100.0,250700.0,1.0154228855721392,0,100,1
dylansprouse,521,Cinema & Actors/actresses,9200000.0,United States,351000.0,551100.0,3.8152173913043477,0,100,1
melissamelmaia,522,Music,12900000.0,Brazil,213200.0,386600.0,1.6527131782945736,0,100,1
sofiaalcastro,523,ShowsCinema & Actors/actressesLifestyle,8800000.0,Colombia,424600.0,577900.0,4.825,0,100,1
litkillah,524,Music,7900000.0,Argentina,485700.0,640400.0,6.148101265822785,0,100,1
21savage,525,Music,13500000.0,United States,210600.0,370600.0,1.5599999999999998,0,100,1
amitabhbachchan,526,Cinema & Actors/actresses,30700000.0,India,141400.0,162600.0,0.46058631921824106,50,50,1
maya_hawke,527,Music,7300000.0,United States,501700.0,694600.0,6.872602739726028,0,100,1
tatawerneck,528,Cinema & Actors/actressesFamily,53600000.0,Brazil,58900.0,93300.0,0.10988805970149254,50,50,1
viihtube,529,Cinema & Actors/actresses,23500000.0,Brazil,112100.0,210600.0,0.4770212765957447,50,50,1
hm_son7,530,Sports with a ball,7400000.0,Brazil,417300.0,678800.0,5.63918918918919,0,100,1
davido,531,Music,24600000.0,Nigeria,148400.0,206500.0,0.6032520325203252,50,50,1
leonardodicaprio,532,Cinema & Actors/actresses,54200000.0,United States,74300.0,91100.0,0.1370848708487085,50,50,1
bernardokath,533,BeautyCinema & Actors/actressesFashion,17300000.0,Philippines,233700.0,282100.0,1.3508670520231214,0,100,1
chloegmoretz,534,Cinema & Actors/actresses,21100000.0,United States,173900.0,232300.0,0.8241706161137442,50,50,1
wizkidayo,535,Music,14900000.0,Nigeria,175200.0,340900.0,1.1758389261744968,0,100,1
melo,536,Sports with a ball,9000000.0,United States,269700.0,548100.0,2.9966666666666666,0,100,1
jimena.jimenezr,537,Unknown,5800000.0,Mexico,581100.0,839200.0,10.01896551724138,0,100,1
gessicakayane,538,ShowsHumor & Fun & Happiness,20000000.0,Brazil,117500.0,242600.0,0.5875,50,50,1
andreavaldirisos,539,LifestyleBeauty,8600000.0,Colombia,400100.0,569100.0,4.652325581395349,0,100,1
joaogomescantor,540,FamilyMusic,12800000.0,Brazil,137600.0,377300.0,1.075,0,100,1
quavohuncho,541,Music,21400000.0,United States,135800.0,222600.0,0.6345794392523365,50,50,1
travisbarker,542,Lifestyle,7600000.0,United States,446300.0,631500.0,5.872368421052632,0,100,1
caviarmagnat,543,Unknown,15100000.0,Russia,216800.0,313800.0,1.4357615894039735,0,100,1
suga_bighitentertainment,544,Music,7600000.0,Indonesia,558500.0,630300.0,7.348684210526316,0,100,1
pablogavi,545,Unknown,4700000.0,Unknown,0.0,1000000.0,0.0,50,50,1
netflixbrasil,546,ShowsCinema & Actors/actresses,31800000.0,Brazil,87800.0,149400.0,0.2761006289308176,50,50,1
ridwankamil,547,Literature & JournalismBusiness & CareersFinance & Economics,18400000.0,Indonesia,169000.0,257100.00000000003,0.9184782608695652,50,50,1
beautifuldestinations,548,PhotographyTravel,24700000.0,United States,142100.0,190600.0,0.5753036437246963,50,50,1
angelinajolie,549,Lifestyle,13200000.0,Brazil,216400.0,358500.0,1.6393939393939394,0,100,1
corinnakopf,550,Beauty,6700000.0,United States,461900.0,707100.0,6.894029850746268,0,100,1
angelinajolie,551,Family,13200000.0,Brazil,216400.0,358300.0,1.6393939393939394,0,100,1
asabopp,552,Cinema & Actors/actresses,5800000.0,Brazil,555700.0,812700.0,9.581034482758621,0,100,1
naileadevora,553,Shows,5200000.0,United States,613700.0,906700.0,11.801923076923076,0,100,1
lizakoshy,554,Cinema & Actors/actresses,20100000.0,United States,173400.0,231500.0,0.8626865671641791,50,50,1
marimaria,555,Beauty,20100000.0,Brazil,119700.0,230500.0,0.5955223880597015,50,50,1
ronaldo,556,Sports with a ball,23000000.0,Brazil,116600.0,201900.0,0.5069565217391304,50,50,1
gisele,557,ModelingFashionLifestyle,19400000.0,Brazil,161700.0,240100.0,0.8335051546391753,50,50,1
liverpoolfc,558,Sports with a ball,39500000.0,United Kingdom,82300.0,116700.0,0.20835443037974682,50,50,1
nehasharmaofficial,559,Cinema & Actors/actresses,14600000.0,India,274000.0,315200.0,1.8767123287671235,0,100,1
marcusrashford,560,Sports with a ball,12800000.0,United Kingdom,227900.0,360500.0,1.7804687499999998,0,100,1
golfarahani,561,Cinema & Actors/actresses,13400000.0,Iran,266400.0,343300.0,1.9880597014925374,0,100,1
fuckjerry,562,Humor & Fun & Happiness,16800000.0,United States,212200.0,274000.0,1.263095238095238,0,100,1
nazriyafahadh,563,Lifestyle,6100000.0,India,567200.0,759900.0,9.298360655737705,0,100,1
kyrieirving,564,Sports with a ball,16900000.0,United States,178900.0,271300.0,1.0585798816568048,0,100,1
xsqueezie,565,MusicLifestyle,7900000.0,France,499400.0,584200.0,6.321518987341772,0,100,1
actorsuriya,566,Cinema & Actors/actresses,4900000.0,India,731700.0,949400.0,14.93265306122449,0,100,1
easportsfifa,567,Sports with a ball,26700000.0,Spain,100500.0,169500.0,0.3764044943820225,50,50,1
nessabarrett,568,LifestyleMusic,7000000.0,United States,481000.0,651700.0,6.871428571428571,0,100,1
trentarnold66,569,Sports with a ball,7600000.0,United Kingdom,408400.0,598300.0,5.373684210526316,0,100,1
madisonbaileybabe,570,Lifestyle,6700000.0,United States,362400.0,678600.0,5.4089552238805965,0,100,1
jackharlow,571,LifestyleMusic,6700000.0,United States,360700.0,673900.0,5.383582089552238,0,100,1
victoriajustice,572,MusicCinema & Actors/actressesModeling,22700000.0,United States,144700.0,196800.0,0.6374449339207049,50,50,1
amauryguichon,573,Food & Cooking,9000000.0,United States,407200.0,497200.0,4.524444444444444,0,100,1
phoebejtonkin,574,BeautyCinema & Actors/actressesModeling,8400000.0,United States,373000.0,532600.0,4.440476190476191,0,100,1
vanessamorgan,575,MusicCinema & Actors/actresses,9500000.0,United States,330500.0,470700.0,3.478947368421052,0,100,1
smriti_mandhana,576,Sports with a ball,6200000.0,India,621300.0,720200.0,10.020967741935484,0,100,1
shreyaghoshal,577,Music,24400000.0,India,160200.0,180300.0,0.6565573770491803,50,50,1
achrafhakimi,578,Sports with a ball,9900000.0,Morocco,304100.0,446800.0,3.0717171717171716,0,100,1
aleoliveiracm,579,Humor & Fun & Happiness,8400000.0,Brazil,214900.0,549800.0,2.558333333333333,0,100,1
xuminghao_o,580,Music,4900000.0,Indonesia,721900.0,910300.0,14.732653061224491,0,100,1
nita_shilimkar,581,FashionModeling,11300000.0,India,289800.0,383000.0,2.5646017699115045,0,100,1
jeromepolin,582,EducationHumor & Fun & Happiness,6900000.0,Indonesia,429800.0,630400.0,6.228985507246377,0,100,1
sound_of_coups,583,Unknown,3900000.0,Indonesia,863900.0,1100000.0,22.151282051282053,0,100,1
aishwaryaraibachchan_arb,584,Cinema & Actors/actresses,10400000.0,India,320200.0,408700.0,3.078846153846154,0,100,1
emiliamernes,585,Music,6000000.0,Argentina,379600.0,714300.0,6.326666666666666,0,100,1
geewonii,586,Unknown,7600000.0,Indonesia,428000.0,563400.0,5.631578947368421,0,100,1
markiplier,587,Shows,10400000.0,United States,355400.0,404700.0,3.4173076923076926,0,100,1
jairmessiasbolsonaro,588,Finance & EconomicsBusiness & Careers,20200000.0,Brazil,151600.0,213100.0,0.7504950495049505,50,50,1
loganpaul,589,Fitness & Gym,23300000.0,United States,135000.0,179700.0,0.5793991416309012,50,50,1
klaythompson,590,Sports with a ballLifestyle,12900000.0,United States,223300.0,324200.0,1.7310077519379845,0,100,1
malutrevejo,591,Music,11600000.0,United States,201400.0,361200.0,1.736206896551724,0,100,1
virgilvandijk,592,Sports with a ball,12300000.0,United Kingdom,238500.0,338600.0,1.9390243902439024,0,100,1
frenkiedejong,593,Sports with a ball,10600000.0,Spain,262400.0,393900.0,2.4754716981132074,0,100,1
karelyruiz,594,Lifestyle,6400000.0,Mexico,525700.0,660200.0,8.214062499999999,0,100,1
ciara,595,MusicModelingArt/Artists,32299999.999999996,United States,95700.0,129199.99999999999,0.2962848297213623,50,50,1
joshu_acoustic,596,Music,4200000.0,Unknown,0.0,1000000.0,0.0,50,50,1
actorprabhas,597,Unknown,8600000.0,India,434200.0,486000.0,5.0488372093023255,0,100,1
avani,598,BeautyLifestyle,18900000.0,United States,160800.0,216900.0,0.8507936507936508,50,50,1
jensenackles,599,Cinema & Actors/actresses,9600000.0,United States,336900.0,438300.0,3.509375,0,100,1
jaybnow.hr,600,Music,6900000.0,Brazil,463300.0,607300.0,6.714492753623189,0,100,1
jensenackles,601,Cinema & Actors/actresses,9600000.0,United States,336900.0,438300.0,3.509375,0,100,1
jaybnow.hr,602,Music,6900000.0,Brazil,463300.0,607300.0,6.714492753623189,0,100,1
missasinfonia,603,Cinema & Actors/actresses,5400000.0,Mexico,688600.0,771800.0,12.751851851851853,0,100,1
mattyperry4,604,Unknown,7900000.0,Brazil,387200.0,528600.0,4.9012658227848105,0,100,1
__youngbae__,605,Music,13400000.0,Indonesia,269600.0,304700.0,2.011940298507463,0,100,1
zoeisabellakravitz,606,Cinema & Actors/actresses,8500000.0,United States,318500.0,483300.0,3.7470588235294118,0,100,1
premierleague,607,Sports with a ball,57900000.0,United Kingdom,47800.0,69800.0,0.08255613126079447,50,50,1
catherinemcbroom,608,Family,7400000.0,United States,324500.0,558000.0,4.385135135135135,0,100,1
nehasharmaofficial,609,Cinema & Actors/actresses,14600000.0,India,240800.0,276200.0,1.6493150684931506,0,100,1
ridwankamil,610,Literature & JournalismBusiness & CareersFinance & Economics,18300000.0,Indonesia,145400.0,220600.0,0.7945355191256831,50,50,1
kit.connor,611,Cinema & Actors/actresses,4300000.0,United States,570100.0,944600.0,13.25813953488372,0,100,1
toni.kr8s,612,Sports with a ball,34200000.0,Germany,85800.0,117100.0,0.25087719298245614,50,50,1
memezar,613,Cinema & Actors/actresses,23400000.0,United States,114900.0,171000.0,0.49102564102564106,50,50,1
dew_jsu,614,Cinema & Actors/actresses,6100000.0,Indonesia,495500.0,666300.0,8.12295081967213,0,100,1
amadorat,615,FashionLifestyleBeauty,8199999.999999999,Mexico,434700.0,485500.0,5.301219512195122,0,100,1
urstrulymahesh,616,Cinema & Actors/actresses,8700000.0,India,419800.0,461900.0,4.825287356321839,0,100,1
xuminghao_o,617,Music,4800000.0,Indonesia,659900.0,832000.0,13.747916666666669,0,100,1
theslumpgod,618,Music,5400000.0,United States,428600.0,745400.0,7.937037037037037,0,100,1
tiffanyyoungofficial,619,ModelingFashion,12300000.0,Indonesia,255700.0,320300.0,2.0788617886178864,0,100,1
juventus,620,Sports with a ball,54000000.0,India,48400.0,72300.0,0.08962962962962963,50,50,1
iam_linyi,621,Unknown,3900000.0,Indonesia,768100.0,1000000.0,19.694871794871798,0,100,1
angeliqueboyer,622,ShowsCinema & Actors/actresses,14200000.0,Brazil,219500.0,275900.0,1.545774647887324,0,100,1
pozevidalouca,623,LifestylePhotography,7000000.0,Brazil,228500.0,574000.0,3.2642857142857142,0,100,1
narins_beauty,624,Lifestyle,9000000.0,Syria,362000.0,442000.0,4.022222222222222,0,100,1
bhadbhabie,625,Music,16399999.999999998,United States,125700.0,236200.0,0.7664634146341465,50,50,1
otabek_muhammadalievich,626,Unknown,20000000.0,Russia,144500.0,195200.0,0.7224999999999999,50,50,1
sushitrash,627,Music,6300000.0,United States,511300.0,624900.0,8.115873015873015,0,100,1
djsnake,628,Music,9500000.0,India,345000.0,409900.0,3.6315789473684212,0,100,1
kareenakapoorkhan,629,FamilyCinema & Actors/actresses,9400000.0,India,333600.0,415800.0,3.548936170212766,0,100,1
dindahw,630,Cinema & Actors/actresses,14500000.0,Indonesia,177000.0,264800.0,1.2206896551724138,0,100,1
chrismcg,631,Unknown,10600000.0,United States,163700.0,360400.0,1.5443396226415096,0,100,1
aslisona,632,Cinema & Actors/actressesLifestyle,23000000.0,India,137300.0,166800.0,0.5969565217391304,50,50,1
f1,633,Racing Sports,19800000.0,Italy,150800.0,191700.0,0.7616161616161616,50,50,1
davidalaba,634,Sports with a ball,10100000.0,Spain,264500.0,374900.0,2.618811881188119,0,100,1
haifawehbe,635,Music,10100000.0,Iraq,258500.0,378200.0,2.5594059405940595,0,100,1
zo,636,Sports with a ball,14200000.0,United States,147900.0,267100.0,1.041549295774648,0,100,1
felipeneto,637,Lifestyle,16000000.0,Brazil,167800.0,237500.0,1.04875,0,100,1
jaspritb1,638,Lifestyle,9800000.0,India,339200.0,390100.0,3.4612244897959186,0,100,1
maudeapatow,639,LifestyleCinema & Actors/actresses,4900000.0,United States,471400.0,780400.0,9.620408163265306,0,100,1
taylor_hill,640,Art/ArtistsFashionModeling,19900000.0,United States,126900.0,189400.0,0.6376884422110553,50,50,1
regejean,641,Cinema & Actors/actressesMusic,6300000.0,Brazil,380700.0,603300.0,6.042857142857143,0,100,1
anupamaparameswaran96,642,Cinema & Actors/actresses,12200000.0,India,267700.0,306700.0,2.194262295081967,0,100,1
vikkialchester,643,Music,11000000.0,Russia,279300.0,339900.0,2.539090909090909,0,100,1
simonettalein,644,BeautyCinema & Actors/actressesModeling,11500000.0,India,234200.0,322100.0,2.0365217391304347,0,100,1
troyesivan,645,Art/ArtistsFashionMusic,13200000.0,United States,196200.0,282200.0,1.4863636363636363,0,100,1
alvxaro,646,Lifestyle,9700000.0,Brazil,156200.0,391000.0,1.6103092783505155,0,100,1
paulwalker,647,Cinema & Actors/actresses,15000000.0,India,179800.0,246700.0,1.1986666666666665,0,100,1
amandacerny,648,Humor & Fun & Happiness,24000000.0,India,95800.0,153800.0,0.39916666666666667,50,50,1
yamigautam,649,Cinema & Actors/actresses,16000000.0,India,198700.0,230100.0,1.2418749999999998,0,100,1
candiceking,650,FamilyLifestyle,9900000.0,Brazil,269400.0,375700.0,2.721212121212121,0,100,1
snoopdogg,651,LifestyleMusic,74600000.0,United States,36900.0,49800.0,0.04946380697050939,50,50,1
thiago6,652,Sports with a ball,9600000.0,United Kingdom,226400.0,389000.0,2.3583333333333334,0,100,1
toni.kr8s,653,Sports with a ball,34300000.0,Germany,78400.0,106000.0,0.2285714285714286,50,50,1
egorkreed,654,Music,14700000.0,Russia,202300.0,248900.0,1.3761904761904762,0,100,1
amybethmcnulty,655,LifestyleCinema & Actors/actresses,7300000.0,Brazil,364100.0,499700.0,4.987671232876712,0,100,1
charles_leclerc,656,Racing Sports,8000000.0,Italy,347000.0,461100.0,4.3374999999999995,0,100,1
avengers,657,Cinema & Actors/actresses,13500000.0,India,213900.0,268000.0,1.5844444444444445,0,100,1
dbook,658,Sports with a ball,5400000.0,United States,349300.0,687000.0,6.468518518518518,0,100,1
l7nnon,659,LifestyleArt/Artists,8100000.0,Brazil,193500.0,460900.0,2.388888888888889,0,100,1
faz3,660,Lifestyle,14400000.0,United Arab Emirates,194800.0,256300.0,1.3527777777777779,0,100,1
kentooyamazaki,661,Cinema & Actors/actresses,5000000.0,Japan,636600.0,740000.0,12.732,0,100,1
alishalehmann7,662,Sports with a ball,7800000.0,Brazil,248200.0,468800.0,3.182051282051282,0,100,1
yamigautam,663,Cinema & Actors/actresses,16000000.0,India,192200.0,223500.0,1.2012500000000002,0,100,1
machinegunkelly,664,Music,9700000.0,United States,234000.0,376200.0,2.4123711340206184,0,100,1
davikah,665,Modeling,16900000.0,Thailand,161600.0,210200.0,0.9562130177514793,50,50,1
blythe,666,Cinema & Actors/actressesModelingLifestyle,13500000.0,Philippines,229700.0,261500.0,1.7014814814814816,0,100,1
kingryan,667,Fitness & Gym,8900000.0,United States,267200.0,403600.0,3.002247191011236,0,100,1
sthefanematos,668,Lifestyle,9900000.0,Brazil,159300.0,365600.0,1.609090909090909,0,100,1
_agentgirl_,669,Shows,18600000.0,Russia,164400.0,189400.0,0.8838709677419355,50,50,1
riyadmahrez26.7,670,Sports with a ball,9100000.0,Algeria,306800.0,395200.0,3.371428571428572,0,100,1
ler_chek,671,LifestyleBeauty,10400000.0,Russia,264000.0,342000.0,2.5384615384615383,0,100,1
arthuraguiar,672,MusicCinema & Actors/actresses,13900000.0,Brazil,116900.0,270800.0,0.8410071942446042,50,50,1
harshbeniwal,673,Humor & Fun & HappinessShowsCinema & Actors/actresses,5600000.0,India,488400.0,636000.0,8.721428571428572,0,100,1
youngdae0302,674,Music,4400000.0,Indonesia,607300.0,801600.0,13.802272727272728,0,100,1
sugaringcandy,675,Unknown,2500000.0,Unknown,0.0,1400000.0,0.0,50,50,1
casemiro,676,Sports with a ball,15900000.0,Spain,146600.0,219800.0,0.9220125786163522,50,50,1
jojotodynho,677,Music,22500000.0,Brazil,96500.0,155300.0,0.4288888888888889,50,50,1
srinidhi_shetty,678,Unknown,4200000.0,India,630500.0,849200.0,15.011904761904763,0,100,1
amin.hayai,679,Unknown,9000000.0,Iran,301500.0,396900.0,3.35,0,100,1
dylanminnette,680,MusicCinema & Actors/actresses,7400000.0,United States,292100.0,474800.0,3.9472972972972977,0,100,1
djsnake,681,Music,9600000.0,India,308100.0,366200.0,3.2093749999999996,0,100,1
aliandooo,682,MusicCinema & Actors/actresses,16700000.0,Indonesia,134800.0,215100.0,0.807185628742515,50,50,1
mclomaofficial,683,Music,8100000.0,Brazil,253100.0,433100.0,3.1246913580246916,0,100,1
ewsbdi,684,Unknown,4500000.0,Indonesia,515200.00000000006,770100.0,11.44888888888889,0,100,1
pokimanelol,685,LifestyleShowsComputers & Gadgets,6100000.0,United States,430600.0,567000.0,7.059016393442623,0,100,1
emmaroberts,686,Cinema & Actors/actresses,18100000.0,United States,126700.0,187800.0,0.7000000000000001,50,50,1
lucyhale,687,Cinema & Actors/actresses,24500000.0,United States,106300.0,139100.0,0.43387755102040815,50,50,1
stebinben,688,MusicShows,10600000.0,India,260200.0,318900.0,2.4547169811320755,0,100,1
juki_lop,689,ShowsFamily,9400000.0,Mexico,314500.0,365500.0,3.3457446808510634,0,100,1
alfinetei,690,Humor & Fun & Happiness,21700000.0,Brazil,71100.0,160900.0,0.32764976958525344,50,50,1
centralcee,691,LifestyleMusicSports with a ball,3700000.0,United Kingdom,382200.0,936000.0,10.32972972972973,0,100,1
syifahadjureal,692,Modeling,15400000.0,Indonesia,177600.0,219300.0,1.1532467532467532,0,100,1
d_degeaofficial,693,Sports with a ball,13500000.0,United Kingdom,176100.0,248800.0,1.3044444444444443,0,100,1
elmarianaa,694,Humor & Fun & Happiness,3800000.0,Mexico,607300.0,887800.0,15.98157894736842,0,100,1
calumhood,695,Music,7000000.0,United States,305900.0,490900.0,4.37,0,100,1
coolio_daryl,696,Unknown,5900000.0,Unknown,0.0,581300.0,0.0,50,50,1
willyrex,697,Shows,8700000.0,Spain,330300.0,392100.0,3.796551724137931,0,100,1
liltjay,698,LifestyleMusic,7400000.0,United States,251600.0,464500.0,3.4000000000000004,0,100,1
floydmayweather,699,Fitness & Gym,28400000.0,United States,66900.0,118100.0,0.23556338028169013,50,50,1
georgenotfound,700,Unknown,3000000.0,United States,1000000.0,1100000.0,33.33333333333333,0,100,-1
onwardwanna,701,LifestyleCinema & Actors/actresses,5600000.0,United States,364700.0,608300.0,6.5125,0,100,1
milad_khahhh,702,Lifestyle,6500000.0,Iran,379900.0,541000.0,5.844615384615385,0,100,1
angela_aguilar_,703,Lifestyle,8700000.0,Mexico,316900.0,383600.0,3.642528735632184,0,100,1
kaliuchis,704,Music,3900000.0,United States,491700.0,848700.0,12.607692307692309,0,100,1
joaoguilherme,705,MusicCinema & Actors/actressesLifestyle,16100000.000000002,Brazil,105800.0,205500.0,0.6571428571428571,50,50,1
harshbeniwal,706,Humor & Fun & HappinessShowsCinema & Actors/actresses,5600000.0,India,461700.0,601000.0,8.244642857142857,0,100,1
salmahayek,707,Cinema & Actors/actresses,21500000.0,United States,123900.0,152500.0,0.5762790697674418,50,50,1
rezagolzar,708,Cinema & Actors/actresses,12200000.0,Iran,190900.0,280700.0,1.5647540983606558,0,100,1
acunilicali,709,Cinema & Actors/actresses,13700000.0,Turkey,198600.0,245400.0,1.4496350364963504,0,100,1
lacikaysomers,710,MusicModelingArt/Artists,12200000.0,United States,158600.0,272300.0,1.3,0,100,1
karna.val,711,Lifestyle,7300000.0,Russia,385100.0,449200.0,5.275342465753425,0,100,1
arsenal,712,Sports with a ball,22200000.0,United Kingdom,97300.0,146000.0,0.43828828828828825,50,50,1
anas,713,FamilyShows,5700000.0,Unknown,0.0,577700.0,0.0,50,50,1
saipallavi.senthamarai,714,Unknown,5900000.0,India,481100.0,551900.0,8.154237288135594,0,100,1
nct_dream,715,Unknown,10200000.0,Indonesia,280800.0,312500.0,2.7529411764705882,0,100,1
violets.tv,716,Adult content,13900000.0,Italy,171700.0,236000.0,1.235251798561151,0,100,1
tohi,717,Lifestyle,12000000.0,Iran,188400.0,275200.0,1.5699999999999998,0,100,1
rodridepaul,718,Sports with a ball,4800000.0,Argentina,372700.0,675700.0,7.764583333333333,0,100,1
maneskinofficial,719,Lifestyle,6100000.0,Italy,374400.0,528400.0,6.137704918032787,0,100,1
wanda_nara,720,Lifestyle,13600000.0,Argentina,165200.0,233300.0,1.214705882352941,0,100,1
perspolis,721,Sports with a ball,8100000.0,Iran,281200.0,400100.0,3.4716049382716054,0,100,1
grisha_eric,722,Unknown,12400000.0,Turkey,174800.0,252100.0,1.4096774193548387,0,100,1
miamalkova,723,Cinema & Actors/actresses,11000000.0,India,211900.0,287600.0,1.9263636363636365,0,100,1
nba,724,Sports with a ball,69000000.0,United States,29900.0,45300.0,0.043333333333333335,50,50,1
gima_ashi,725,Lifestyle,14600000.0,India,157300.0,214400.0,1.0773972602739725,0,100,1
burcuozberk,726,Cinema & Actors/actresses,9300000.0,Turkey,263700.0,341700.0,2.835483870967742,0,100,1
everyone_woo,727,Unknown,2900000.0,Indonesia,835000.0,1100000.0,28.793103448275865,0,100,-1
egupta,728,LifestyleModeling,8700000.0,India,286400.0,359100.0,3.291954022988506,0,100,1
jennifer.garner,729,Cinema & Actors/actresses,13300000.0,United States,202700.0,229300.0,1.52406015037594,0,100,1
normani,730,Lifestyle,7300000.0,United States,271100.0,423600.0,3.7136986301369865,0,100,1
03_hu,731,Lifestyle,4200000.0,South Korea,600100.0,736100.0,14.288095238095238,0,100,1
mrancelotti,732,Sports with a ball,8400000.0,Italy,234700.0,366000.0,2.794047619047619,0,100,1
jorgelopez_as,733,Cinema & Actors/actresses,9600000.0,Brazil,194000.0,318500.0,2.020833333333333,0,100,1
huddy,734,LifestyleArt/Artists,11700000.0,United States,186100.0,256899.99999999997,1.5905982905982905,0,100,1
kenzie,735,Art/Artists,14900000.0,United States,132300.0,201400.0,0.8879194630872482,50,50,1
f1,736,Racing Sports,19900000.0,Italy,119900.0,150800.0,0.6025125628140704,50,50,1
staskaranikolaou,737,Lifestyle,11100000.0,United States,184600.0,271400.0,1.6630630630630632,0,100,1
saharghoreyshiofficialpage,738,Lifestyle,11600000.0,Iran,179700.0,262000.0,1.5491379310344828,0,100,1
beberexha,739,MusicLifestyle,10800000.0,India,188500.0,279200.0,1.7453703703703705,0,100,1
dqsalmaan,740,Cinema & Actors/actresses,10600000.0,India,208600.0,282500.0,1.9679245283018867,0,100,1
soyneiva,741,Adult content,11900000.0,Brazil,188400.0,252200.0,1.5831932773109243,0,100,1
tamannaahspeaks,742,MusicCinema & Actors/actresses,17200000.0,India,148100.0,172800.0,0.8610465116279069,50,50,1
dava_m,743,Business & Careers,13600000.0,Russia,170900.0,220900.0,1.2566176470588235,0,100,1
nodal,744,Music,9400000.0,Mexico,220700.0,324800.0,2.347872340425532,0,100,1
vanessabryant,745,Sports with a ballLifestyleKids & Toys,15600000.0,United States,144600.0,189300.0,0.926923076923077,50,50,1
littlemix,746,Music,16000000.0,Brazil,137900.0,186400.0,0.861875,50,50,1
issavegas,747,Fitness & Gym,9100000.0,Mexico,281700.0,330800.0,3.0956043956043953,0,100,1
iqbaal.e,748,Cinema & Actors/actresses,13500000.0,Indonesia,127700.0,220000.0,0.945925925925926,50,50,1
fadiljaidi,749,Lifestyle,7700000.0,Indonesia,259500.0,389500.0,3.3701298701298703,0,100,1
briandadeyanara,750,Unknown,13000000.0,Mexico,192500.0,226600.0,1.4807692307692308,0,100,1
avrillavigne,751,MusicCinema & Actors/actressesFashion,11400000.0,Brazil,207300.0,257700.0,1.818421052631579,0,100,1
rafaelnadal,752,Sports with a ball,15600000.0,Spain,151100.0,188800.0,0.9685897435897435,50,50,1
dearra,753,Lifestyle,6300000.0,United States,192200.0,478500.0,3.0507936507936506,0,100,1
courteneycoxofficial,754,Cinema & Actors/actresses,12200000.0,India,180900.0,239400.0,1.4827868852459016,0,100,1
superm,755,ShowsMusic,5200000.0,Indonesia,502200.0,570400.0,9.657692307692308,0,100,1
tamerhosny,756,MusicCinema & Actors/actresses,22700000.0,Egypt,105000.0,129100.0,0.46255506607929514,50,50,1
valentinazenere,757,ModelingLifestyle,10000000.0,Brazil,238500.0,290300.0,2.385,0,100,1
maddieziegler,758,Cinema & Actors/actressesModeling,13900000.0,United States,139100.0,208100.0,1.0007194244604316,0,100,1
canelo,759,Fitness & Gym,13400000.0,Mexico,154500.0,215700.0,1.1529850746268657,0,100,1
vernonline,760,Unknown,4099999.9999999995,Unknown,0.0,719400.0,0.0,50,50,1
veradijkmans,761,Adult content,5400000.0,United States,391800.0,550700.0,7.2555555555555555,0,100,1
willevy,762,ShowsCinema & Actors/actressesModeling,10600000.0,Brazil,204300.0,275500.0,1.9273584905660377,0,100,1
natalee.007,763,ModelingMusic,7000000.0,United States,328000.0,419600.0,4.685714285714285,0,100,1
indiaroyale,764,Lifestyle,4300000.0,United States,232100.0,687700.0,5.397674418604651,0,100,1
sebastianyatra,765,MusicArt/Artists,29700000.0,Argentina,70600.0,97600.0,0.2377104377104377,50,50,1
yefersoncossio,766,Lifestyle,9500000.0,Colombia,213200.0,313000.0,2.2442105263157894,0,100,1
nabilla,767,Beauty,7700000.0,France,275000.0,378600.0,3.571428571428571,0,100,1
andresiniesta8,768,Sports with a ball,39700000.0,Spain,49400.0,72200.0,0.12443324937027708,50,50,1
spacex,769,ScienceMachinery & Technologies,15000000.0,United States,157900.0,191700.0,1.0526666666666666,0,100,1
letthelordbewithyou,770,LifestyleFamily,27300000.0,United States,68800.0,105100.0,0.252014652014652,50,50,1
soueunavida,771,Humor & Fun & Happiness,18100000.0,Brazil,84200.0,159800.0,0.4651933701657458,50,50,1
tiagopzk,772,Music,5100000.0,Argentina,249900.0,570300.0,4.9,0,100,1
la_beaute_africaine,773,Photography,1600000.0,Senegal,919900.0,1900000.0,57.49375,0,100,-1
alvaromorata,774,Sports with a ballLiterature & Journalism,17400000.0,Italy,105700.0,164100.0,0.6074712643678161,50,50,1
ansufati,775,Sports with a ball,8700000.0,Spain,217800.0,330300.0,2.503448275862069,0,100,1
joelocke03,776,Cinema & Actors/actressesMusic,3100000.0,United States,0.0,918600.0,0.0,50,50,1
dagelan,777,Humor & Fun & Happiness,20900000.0,Indonesia,80800.0,137600.0,0.3866028708133971,50,50,1
bumkeyk,778,Music,9200000.0,Indonesia,259100.00000000003,310400.0,2.8163043478260876,0,100,1
tombrady,779,Sports with a ball,12500000.0,United States,123000.0,227900.0,0.984,50,50,1
streetartglobe,780,Art/Artists,17000000.0,United States,123000.0,166800.0,0.7235294117647059,50,50,1
nobru,781,Machinery & TechnologiesComputers & Gadgets,13500000.0,Brazil,145300.0,211900.0,1.0762962962962963,0,100,1
philfoden,782,Sports with a ball,5000000.0,United Kingdom,326200.0,571500.0,6.524000000000001,0,100,1
brycehall,783,Music,7300000.0,United States,304600.0,390700.0,4.1726027397260275,0,100,1
kaka,784,Sports with a ball,18700000.0,Brazil,91000.0,148400.0,0.48663101604278075,50,50,1
adidasfootball,785,Sports with a ball,31500000.0,Brazil,64800.0,88100.0,0.2057142857142857,50,50,1
asala,786,Shows,6900000.0,United Arab Emirates,0.0,408600.0,0.0,50,50,1
theamitbhadana,787,Shows,8400000.0,India,277600.0,342800.0,3.3047619047619046,0,100,1
yg_treasure_official,788,Music,5400000.0,Indonesia,408900.0,522600.0,7.572222222222222,0,100,1
brfootball,789,Sports with a ball,12400000.0,United States,137900.0,222500.0,1.1120967741935484,0,100,1
jenna_chew,790,Fitness & Gym,6700000.0,United States,344900.0,421400.0,5.147761194029851,0,100,1
cocielo,791,Cinema & Actors/actresses,18700000.0,Brazil,94500.0,147700.0,0.5053475935828877,50,50,1
hyeri_0609,792,Music,7300000.0,South Korea,320100.0,385700.0,4.384931506849314,0,100,1
netflix,793,Cinema & Actors/actressesShows,30400000.0,Brazil,55800.0,90500.0,0.18355263157894736,50,50,1
sagar_pop02,794,Lifestyle,7500000.0,India,237700.0,373900.0,3.169333333333333,0,100,1
skaijackson,795,LifestyleBeauty,8000000.0,United States,198400.0,350500.0,2.48,0,100,1
dejesusoficial,796,Sports with a ball,17500000.0,Brazil,101600.0,156800.0,0.5805714285714285,50,50,1
kawtarbamo,797,Cinema & Actors/actresses,7400000.0,Morocco,277000.0,375300.0,3.743243243243243,0,100,1
roddyricch,798,Lifestyle,6900000.0,United States,210500.0,404200.0,3.050724637681159,0,100,1
barackobama,799,Finance & EconomicsBusiness & CareersFamily,35400000.0,United States,66700.0,77500.0,0.1884180790960452,50,50,1
dhanushkraja,800,Cinema & Actors/actresses,4400000.0,India,489700.0,634400.0,11.129545454545454,0,100,1
bowerjamie,801,Cinema & Actors/actresses,3800000.0,Italy,547200.0,730000.0,14.399999999999999,0,100,1
galatasaray,802,Sports with a ball,11500000.0,Turkey,195700.0,236400.0,1.7017391304347824,0,100,1
tomhardy,803,LifestyleCinema & Actors/actressesModeling,8700000.0,Iran,252600.0,313500.0,2.903448275862069,0,100,1
pooorblack,804,Unknown,4600000.0,Iran,472800.0,611600.0,10.278260869565218,0,100,1
tejasswiprakash,805,Beauty,6100000.0,India,396100.0,491800.0,6.49344262295082,0,100,1
larray,806,LifestyleModelingFashion,6800000.0,United States,277600.0,406400.0,4.08235294117647,0,100,1
princessyahrini,807,Music,39600000.0,Indonesia,51400.0,68000.0,0.1297979797979798,50,50,1
celestinegonzaga,808,Music,7600000.0,Philippines,323200.0,360600.0,4.252631578947368,0,100,1
nicolebahls,809,Modeling,18300000.0,Brazil,83800.0,148800.0,0.45792349726775955,50,50,1
noahbeck,810,Sports with a ball,9200000.0,United States,180600.0,298300.0,1.9630434782608694,0,100,1
jordialbaoficial,811,Sports with a ball,14500000.0,Spain,128600.0,185500.0,0.886896551724138,50,50,1
teyanataylor,812,Music,15200000.0,United States,104200.0,177100.0,0.6855263157894737,50,50,1
residente,813,Music,8800000.0,Colombia,202800.0,314700.0,2.3045454545454547,0,100,1
sivakarthikeyan,814,Unknown,5100000.0,India,456000.0,537100.0,8.941176470588236,0,100,1
wolfiecindy,815,ModelingLifestyle,7100000.0,United States,230500.0,383300.0,3.246478873239437,0,100,1
canelo,816,Fitness & Gym,13400000.0,Mexico,143100.0,198800.0,1.067910447761194,0,100,1
juliopfernandez,817,Unknown,3500000.0,Brazil,618100.0,786300.0,17.66,0,100,1
urassayas,818,Cinema & Actors/actressesModelingFashion,11800000.0,Thailand,185500.0,226500.0,1.5720338983050846,0,100,1
loud_babi,819,Lifestyle,9100000.0,Brazil,186400.0,300500.0,2.048351648351648,0,100,1
aurelie.hermansyah,820,Beauty,26600000.0,Indonesia,80200.0,100800.0,0.3015037593984962,50,50,1
watanabenaomi703,821,Cinema & Actors/actressesHumor & Fun & HappinessModeling,9900000.0,Japan,257200.0,273900.0,2.5979797979797983,0,100,1
sandrinna_11,822,Lifestyle,10700000.0,Indonesia,193900.0,247600.0,1.8121495327102806,0,100,1
irinashayk,823,Modeling,18800000.0,Russia,102100.0,140800.0,0.5430851063829787,50,50,1
pledis_boos,824,Music,4099999.9999999995,Indonesia,540200.0,654900.0,13.175609756097561,0,100,1
jessicajane99,825,Lifestyle,6000000.0,Indonesia,340900.0,449400.0,5.681666666666667,0,100,1
soydannyalfaro,826,Beauty,8100000.0,Mexico,289900.0,331600.0,3.5790123456790126,0,100,1
wdohwan,827,Cinema & Actors/actresses,4500000.0,Indonesia,452200.0,599200.0,10.04888888888889,0,100,1
albafloresoficial,828,Cinema & Actors/actresses,11700000.0,Spain,167300.0,225400.0,1.42991452991453,0,100,1
borodylia,829,ShowsFamily,18400000.0,Russia,116700.0,143400.0,0.6342391304347825,50,50,1
markruffalo,830,Cinema & Actors/actresses,20900000.0,Brazil,100000.0,127300.0,0.4784688995215311,50,50,1
adinross,831,Unknown,3000000.0,United States,509000.0,1000000.0,16.966666666666665,0,100,1
anwar,832,Shows,10300000.0,United States,173700.0,256000.0,1.6864077669902913,0,100,1
iampauloandre,833,Lifestyle,10000000.0,Brazil,76900.0,270300.0,0.769,50,50,1
mirandacosgrove,834,MusicCinema & Actors/actressesLifestyle,9900000.0,Brazil,172600.0,269200.0,1.7434343434343433,0,100,1
nikitadragun,835,BeautyModelingAdult content,9000000.0,United States,193500.0,295700.0,2.15,0,100,1
alexis_officia1,836,Sports with a ball,14100000.0,Chile,113000.0,186300.0,0.8014184397163121,50,50,1
sophiedee,837,Adult content,12300000.0,United States,160800.0,214200.0,1.3073170731707318,0,100,1
arsenal,838,Sports with a ball,22200000.0,United Kingdom,78200.0,117700.0,0.35225225225225226,50,50,1
marcoasensio10,839,Sports with a ball,14500000.0,Spain,116500.0,178900.0,0.8034482758620689,50,50,1
elliotpage,840,Unknown,6100000.0,United States,299700.0,431500.0,4.913114754098361,0,100,1
theellenshow,841,ShowsCinema & Actors/actresses,123700000.0,United States,20600.0,21100.0,0.016653193209377526,80,20,1
dudewithsign,842,Unknown,8100000.0,United States,204900.0,323200.0,2.5296296296296297,0,100,1
jamorant,843,LifestyleSports with a ball,7400000.0,United States,218900.0,353700.0,2.958108108108108,0,100,1
josephquinn,844,Unknown,2500000.0,Unknown,0.0,1100000.0,0.0,50,50,1
saythename_17,845,Music,9600000.0,Indonesia,240100.0,269600.0,2.5010416666666666,0,100,1
ludmilla,846,Music,27400000.0,Brazil,64700.0,95800.0,0.23613138686131388,50,50,1
nidhhiagerwal,847,LifestyleModelingCinema & Actors/actresses,24300000.0,India,87300.0,105700.0,0.3592592592592593,50,50,1
anirudhofficial,848,LifestyleMusic,6000000.0,India,342500.0,433600.0,5.708333333333333,0,100,1
kto_takaya,849,Family,7000000.0,Russia,303500.0,374400.0,4.335714285714285,0,100,1
you_r_love,850,Unknown,5500000.0,Indonesia,364200.0,465300.0,6.621818181818181,0,100,1
dudewithsign,851,Unknown,8100000.0,United States,204300.0,322400.0,2.522222222222222,0,100,1
saythename_17,852,Music,9600000.0,Indonesia,240100.0,269600.0,2.5010416666666666,0,100,1
ludmilla,853,Music,27400000.0,Brazil,64700.0,95800.0,0.23613138686131388,50,50,1
nidhhiagerwal,854,LifestyleModelingCinema & Actors/actresses,24300000.0,India,87300.0,105700.0,0.3592592592592593,50,50,1
anirudhofficial,855,LifestyleMusic,6000000.0,India,342500.0,433600.0,5.708333333333333,0,100,1
kto_takaya,856,Family,7000000.0,Russia,303500.0,374400.0,4.335714285714285,0,100,1
you_r_love,857,Unknown,5500000.0,Indonesia,364200.0,465300.0,6.621818181818181,0,100,1
kikakim,858,Lifestyle,6900000.0,Kazakhstan,279900.0,370600.0,4.056521739130435,0,100,1
chelseafc,859,Sports with a ball,34800000.0,Indonesia,48900.0,72700.0,0.14051724137931035,50,50,1
luara,860,Music,15900000.0,Brazil,95900.0,158300.0,0.6031446540880503,50,50,1
filiperet,861,Lifestyle,6800000.0,Brazil,147900.0,379400.0,2.175,0,100,1
subo_m,862,Shows,9800000.0,Russia,213800.0,262400.0,2.1816326530612247,0,100,1
rogerfederer,863,Sports with a ball,9600000.0,Spain,205300.0,265400.0,2.138541666666667,0,100,1
belindapop,864,Music,15500000.0,Mexico,113600.0,162800.0,0.7329032258064516,50,50,1
miketyson,865,Fitness & Gym,19000000.0,United States,102000.0,131200.0,0.5368421052631579,50,50,1
sonu_sood,866,Cinema & Actors/actresses,14400000.0,India,151500.0,172800.0,1.0520833333333333,0,100,1
sinavaliollah,867,Shows,7300000.0,Iran,277100.0,350100.0,3.7958904109589042,0,100,1
jamorant,868,LifestyleSports with a ball,7300000.0,United States,212000.0,342500.0,2.904109589041096,0,100,1
priyankaamohanofficial,869,LifestyleCinema & Actors/actresses,3200000.0,India,677000.0,777000.0,21.15625,0,100,1
massafera,870,Cinema & Actors/actressesLifestyle,25300000.0,Brazil,67200.0,97800.0,0.2656126482213439,50,50,1
bleacherreport,871,Sports with a ball,19300000.0,United States,64800.0,128400.0,0.33575129533678755,50,50,1
lizzobeeating,872,MusicLifestyle,12700000.0,United States,137900.0,193200.0,1.0858267716535432,0,100,1
raashiikhanna,873,Cinema & Actors/actressesMusic,8500000.0,India,246400.0,293800.0,2.898823529411765,0,100,1
toniruediger,874,Sports with a ball,4000000.0,United Kingdom,414400.0,622500.0,10.36,0,100,1
fernandasouzaoficial,875,MusicCinema & Actors/actresses,22000000.0,Brazil,81100.0,111600.0,0.36863636363636365,50,50,1
fedeevalverde,876,Sports with a ball,6300000.0,Spain,278800.0,395000.0,4.425396825396826,0,100,1
pledis_boos,877,Music,4099999.9999999995,Indonesia,501500.0,608300.0,12.231707317073171,0,100,1
mohanshakti,878,Art/ArtistsCinema & Actors/actresses,16200000.0,India,124300.0,150000.0,0.7672839506172839,50,50,1
gabigol,879,Sports with a ball,9900000.0,Brazil,167000.0,252500.0,1.686868686868687,0,100,1
rebelwilson,880,Cinema & Actors/actresses,11300000.0,United States,185800.0,214400.0,1.6442477876106194,0,100,1
aidanrgallagher,881,Music,7500000.0,Mexico,272400.0,328000.0,3.6319999999999997,0,100,1
friends,882,Shows,11900000.0,Brazil,161500.0,202800.0,1.3571428571428572,0,100,1
iamyanetgarcia,883,Cinema & Actors/actressesModelingFashion,14800000.0,Mexico,128199.99999999999,163000.0,0.8662162162162161,50,50,1
vanessalopesr_,884,Music,11700000.0,Brazil,63100.0,205300.0,0.5393162393162393,50,50,1
funnymike,885,Art/Artists,8000000.0,United States,174700.0,309200.0,2.18375,0,100,1
ahmedabohashima,886,Business & CareersFinance & Economics,15700000.0,Egypt,112800.0,152600.0,0.7184713375796179,50,50,1
min.nicha,887,Lifestyle,3700000.0,Thailand,473200.0,646400.0,12.789189189189191,0,100,1
39saku_chan,888,Cinema & Actors/actresses,3600000.0,Indonesia,542900.0,669300.0,15.080555555555556,0,100,1
bclsinclair,889,Music,21000000.0,Indonesia,71900.0,113600.0,0.3423809523809524,50,50,1
humansofny,890,LifestylePhotography,12100000.0,United States,167200.0,197800.0,1.3818181818181818,0,100,1
dk_is_dokyeom,891,Unknown,3000000.0,Iran,674800.0,813200.0,22.493333333333336,0,100,1
mariapedraza_,892,Cinema & Actors/actresses,12000000.0,Spain,150100.0,198000.0,1.2508333333333332,0,100,1
ms.sethii,893,Unknown,6500000.0,United States,248900.0,376600.0,3.8292307692307697,0,100,1
nazormaya,894,LifestylePhotography,3500000.0,Mexico,459200.0,679700.0,13.120000000000001,0,100,1
galatasaray,895,Sports with a ball,11500000.0,Turkey,171700.0,207500.0,1.4930434782608697,0,100,1
arashi_5_official,896,Music,4400000.0,Japan,536800.0,559800.0,12.2,0,100,1
francinyehlke,897,Beauty,15400000.0,Brazil,70700.0,154400.0,0.4590909090909091,50,50,1
lucianohuck,898,Shows,20400000.0,Brazil,93100.0,117400.0,0.45637254901960783,50,50,1
xbox,899,Computers & GadgetsMachinery & Technologies,12800000.0,United States,151700.0,185400.0,1.18515625,0,100,1
jadenhossler,900,Music,4600000.0,United States,336500.0,518900.0,7.315217391304348,0,100,1
leighannepinnock,901,Music,9000000.0,Brazil,184400.0,262500.0,2.048888888888889,0,100,1
alexisren,902,Lifestyle,16600000.000000002,United States,89600.0,139800.0,0.5397590361445783,50,50,1
i_nivethathomas,903,Cinema & Actors/actresses,6100000.0,India,338000.0,382500.0,5.540983606557377,0,100,1
streetartglobe,904,Art/Artists,16900000.0,United States,100200.0,136800.0,0.5928994082840237,50,50,1
tontawan,905,Lifestyle,3700000.0,Thailand,481500.0,633300.0,13.013513513513514,0,100,1
serenayss,906,Cinema & Actors/actressesModelingFashion,9400000.0,Turkey,194800.0,249600.0,2.0723404255319147,0,100,1
alexadellanos,907,Lifestyle,9400000.0,United States,158200.0,247400.0,1.6829787234042553,0,100,1
gildovigor,908,FamilyLifestyleCinema & Actors/actresses,15100000.0,Brazil,113600.0,160700.0,0.752317880794702,50,50,1
dance_malyshka_offi,909,Art/Artists,3500000.0,Russia,528500.0,676700.0,15.1,0,100,1
oprah,910,Art/ArtistsCinema & Actors/actressesShows,21300000.0,United States,91300.0,108300.0,0.42863849765258216,50,50,1
jadethirlwall,911,MusicArt/Artists,9300000.0,United States,190300.0,249100.0,2.046236559139785,0,100,1
mterstegen1,912,Sports with a ball,13500000.0,Spain,111700.0,168100.0,0.8274074074074075,50,50,1
madonna,913,Music,18400000.0,Italy,83700.0,125600.0,0.4548913043478261,50,50,1
karrrambaby,914,Lifestyle,4000000.0,Russia,520500.0,577400.0,13.0125,0,100,1
sincerooficial,915,Humor & Fun & Happiness,21500000.0,Brazil,54600.0,105300.0,0.25395348837209303,50,50,1
coldplay,916,Music,16600000.000000002,Brazil,98200.0,136700.0,0.5915662650602409,50,50,1
tommyinnit,917,Lifestyle,3500000.0,France,586800.0,662400.0,16.765714285714285,0,100,1
vicdeangelis,918,Lifestyle,3700000.0,Italy,417900.0,619600.0,11.294594594594596,0,100,1
kaylanicolejones,919,Shows,7500000.0,United States,144500.0,305900.0,1.9266666666666667,0,100,1
mahnaz_afshar,920,Cinema & Actors/actressesLifestyle,16300000.0,Iran,101300.0,139000.0,0.6214723926380369,50,50,1
eda.ece,921,LifestyleCinema & Actors/actresses,6500000.0,Turkey,283800.0,349300.0,4.366153846153846,0,100,1
ateez_official_,922,Unknown,6800000.0,United States,293800.0,337800.0,4.320588235294117,0,100,1
wizkhalifa,923,MusicArt/Artists,38400000.0,India,41300.0,58500.0,0.10755208333333333,50,50,1
dean.schneider,924,Animals,10100000.0,India,173100.0,222000.0,1.713861386138614,0,100,1
hazalkaya,925,Cinema & Actors/actressesLifestyle,7200000.0,Turkey,266800.0,316100.0,3.7055555555555557,0,100,1
sooyoungchoi,926,BeautyLifestyleFashion,7100000.0,Indonesia,264100.0,318800.0,3.7197183098591546,0,100,1
therealjosephmorgan,927,Cinema & Actors/actressesLifestyle,8000000.0,Brazil,226800.0,284300.0,2.835,0,100,1
isaias,928,Shows,9200000.0,Brazil,75300.0,248000.0,0.8184782608695653,50,50,1
rossbutler,929,Cinema & Actors/actresses,10400000.0,United States,152600.0,213400.0,1.4673076923076922,0,100,1
jackblack,930,Cinema & Actors/actresses,8800000.0,United States,196600.0,256700.0,2.2340909090909093,0,100,1
tammyhembrow,931,Fitness & Gym,15300000.0,United States,76800.0,145000.0,0.5019607843137255,50,50,1
themermaidscales,932,Fashion,6600000.0,India,274000.0,338000.0,4.151515151515151,0,100,1
dababy,933,Music,21200000.0,United States,65300.0,105900.0,0.3080188679245283,50,50,1
theshilpashetty,934,Cinema & Actors/actresses,26000000.0,India,74100.0,85300.0,0.28500000000000003,50,50,1
adamsandler,935,Cinema & Actors/actresses,13400000.0,United States,130500.0,166600.0,0.9738805970149254,50,50,1
elcinsangu,936,Cinema & Actors/actressesLifestyle,8500000.0,Turkey,220000.0,264700.0,2.588235294117647,0,100,1
kashikakapoor09,937,Unknown,8100000.0,Indonesia,258500.0,278400.0,3.1913580246913575,0,100,1
jessica.syj,938,ModelingBeauty,10700000.0,Indonesia,168800.0,206100.0,1.5775700934579437,0,100,1
esbilgic,939,LifestyleModeling,7000000.0,India,252400.0,321200.0,3.605714285714286,0,100,1
imcryansp,940,Unknown,4000000.0,Brazil,236100.0,561700.0,5.9025,0,100,1
acunilicali,941,Cinema & Actors/actresses,13700000.0,Turkey,134300.0,168300.0,0.9802919708029196,50,50,1
canyaman,942,Cinema & Actors/actressesModeling,9800000.0,Italy,185800.0,230900.0,1.8959183673469389,0,100,1
eilirjani,943,Lifestyle,10300000.0,Albania,147500.0,212900.0,1.4320388349514563,0,100,1
jeremyrenner,944,ShowsCinema & Actors/actresses,17800000.0,United States,102800.0,123400.0,0.5775280898876405,50,50,1
felicyangelista_,945,Family,21500000.0,Indonesia,73600.0,101400.0,0.34232558139534885,50,50,1
grefg_official,946,Computers & GadgetsMachinery & Technologies,7400000.0,Spain,247300.0,297800.0,3.341891891891892,0,100,1
cole.labrant,947,LifestyleFashion,5100000.0,United States,310900.0,438100.0,6.096078431372549,0,100,1
e_milygarcia,948,Cinema & Actors/actresses,11200000.0,Brazil,119200.0,197200.0,1.0642857142857143,0,100,1
jharden13,949,Sports with a ball,11600000.0,United States,109800.0,188400.0,0.946551724137931,50,50,1
samsmith,950,MusicFashion,14600000.0,United States,102000.0,149300.0,0.6986301369863014,50,50,1
kashikakapoor09,951,BeautyCinema & Actors/actresses,8100000.0,Indonesia,253900.0,273900.0,3.134567901234568,0,100,1
ncentineo,952,Cinema & Actors/actresses,16800000.0,Brazil,77800.0,129199.99999999999,0.46309523809523806,50,50,1
valeyellow46,953,Racing Sports,13900000.0,Indonesia,119300.0,155900.0,0.858273381294964,50,50,1
pharrell,954,Music,13900000.0,United States,109300.0,155900.0,0.7863309352517986,50,50,1
joshrichards,955,ShowsModeling,6900000.0,United States,225800.0,316700.0,3.272463768115942,0,100,1
rubyrose,956,Modeling,19700000.0,United States,82500.0,109700.0,0.4187817258883249,50,50,1
sabinahidalgo,957,LifestyleMusicArt/Artists,4700000.0,Brazil,399600.0,479500.0,8.502127659574468,0,100,1
hitocaesar,958,Lifestyle,13600000.0,Indonesia,112900.0,159000.0,0.8301470588235293,50,50,1
romeestrijd,959,Modeling,7700000.0,United States,190200.0,283900.0,2.47012987012987,0,100,1
wikkiofficial,960,Humor & Fun & HappinessCinema & Actors/actresses,2600000.0,India,675100.0,840600.0,25.965384615384618,0,100,1
apple,961,Computers & GadgetsPhotography,27800000.0,India,57900.0,77300.0,0.208273381294964,50,50,1
divyankatripathidahiya,962,ShowsCinema & Actors/actresses,20400000.0,India,92000.0,105900.0,0.45098039215686275,50,50,1
hadise,963,MusicShows,13800000.0,Turkey,133200.0,155500.0,0.9652173913043478,50,50,1
realhinakhan,964,Cinema & Actors/actresses,17200000.0,India,102100.0,125300.0,0.5936046511627907,50,50,1
krithi.shetty_official,965,BeautyHumor & Fun & HappinessCinema & Actors/actresses,3500000.0,India,527900.0,624400.0,15.082857142857142,0,100,1
dorra_zarrouk,966,Cinema & Actors/actressesFashion,15800000.0,Egypt,100500.0,134500.0,0.6360759493670886,50,50,1
roberto_firmino,967,Sports with a ball,13600000.0,Brazil,104700.0,156100.0,0.7698529411764705,50,50,1
alvaromorte,968,Cinema & Actors/actresses,12200000.0,India,126800.0,173700.0,1.0393442622950821,0,100,1
wilbursoot,969,Music,3100000.0,United States,539900.0,692200.0,17.416129032258066,0,100,1
warriors,970,LifestyleSports with a ball,24800000.0,United States,60900.0,85500.0,0.24556451612903224,50,50,1
jacksepticeye,971,Computers & GadgetsMachinery & Technologies,7900000.0,United States,233500.0,271000.0,2.9556962025316458,0,100,1
hank_says_hank,972,Unknown,3200000.0,South Korea,566700.0,665100.0,17.709374999999998,0,100,1
bypamella,973,Shows,9800000.0,Brazil,127800.0,218900.0,1.304081632653061,0,100,1
raashiikhanna,974,Cinema & Actors/actressesMusic,8500000.0,India,211600.0,252100.0,2.489411764705882,0,100,1
pandorakaaki,975,Adult content,7300000.0,United States,214200.0,295200.0,2.9342465753424656,0,100,1
jenniferwinget1,976,Cinema & Actors/actresses,13100000.0,India,131100.0,160200.0,1.000763358778626,0,100,1
nadine.nassib.njeim,977,Cinema & Actors/actressesModeling,15000000.0,Iraq,98800.0,140400.0,0.6586666666666667,50,50,1
shahinsamadpoor,978,Literature & JournalismCinema & Actors/actresses,4500000.0,Iran,365300.0,481400.0,8.117777777777778,0,100,1
julienco_,979,LifestyleFamily,6300000.0,Germany,273400.0,337500.0,4.33968253968254,0,100,1
allusnehareddy,980,Unknown,8199999.999999999,India,220700.0,256100.00000000003,2.6914634146341467,0,100,1
voguemagazine,981,Literature & JournalismFashion,39600000.0,United States,34200.0,52500.0,0.08636363636363636,50,50,1
ho5hi_kwon,982,Unknown,3000000.0,Indonesia,547000.0,712100.0,18.23333333333333,0,100,1
melissabenoist,983,FamilyCinema & Actors/actresses,4800000.0,United States,324700.0,439500.0,6.764583333333333,0,100,1
barstoolsports,984,Lifestyle,13900000.0,United States,98200.0,148200.0,0.706474820143885,50,50,1
piyanka_mongia,985,Humor & Fun & HappinessLifestyleBeauty,8800000.0,India,191500.0,240400.0,2.1761363636363638,0,100,1
5sos,986,Music,10100000.0,United States,147400.0,203600.0,1.4594059405940596,0,100,1
jxxvvxxk,987,Unknown,3400000.0,Indonesia,489800.0,614300.0,14.405882352941177,0,100,1
lynaritaa,988,Lifestyle,9000000.0,United States,176700.0,234100.0,1.9633333333333332,0,100,1
tomo.y9,989,MusicArt/Artists,5000000.0,Japan,393600.0,422000.0,7.872,0,100,1
wayvofficial,990,Music,7300000.0,Indonesia,238200.0,283700.0,3.2630136986301372,0,100,1
supremo_dp,991,Music,5000000.0,Philippines,337900.0,416300.0,6.758,0,100,1
jaredleto,992,MusicCinema & Actors/actresses,10900000.0,United States,149900.0,188500.0,1.3752293577981651,0,100,1
thariqhalilintar,993,Shows,7400000.0,Indonesia,225600.0,279500.0,3.0486486486486486,0,100,1
ferozekhan,994,LifestyleModeling,6600000.0,Pakistan,267400.0,315800.0,4.051515151515152,0,100,1
garciajoshuae,995,Modeling,5000000.0,Philippines,357500.0,412100.0,7.1499999999999995,0,100,1
nimratkhairaofficial,996,Music,8000000.0,India,211100.0,261800.0,2.63875,0,100,1
hanhyojoo222,997,TravelCinema & Actors/actresses,4000000.0,Indonesia,434200.0,518200.00000000006,10.854999999999999,0,100,1
memphisdepay,998,Sports with a ball,15000000.0,France,76400.0,135500.0,0.5093333333333333,50,50,1
arminzareeiofficial,999,Unknown,9800000.0,Iran,135400.0,214000.0,1.3816326530612246,0,100,1
noorstars,1000,Shows,13000000.0,Iraq,117600.0,157600.0,0.9046153846153846,50,50,1
